A#Agilent Technologies, Inc.
AA#Alcoa Inc.
AAL#American Airlines Group, Inc.
AAMC#Altisource Asset Management Corp
AAN#Aaron's,Inc.
AAOI#Applied Optoelectronics, Inc.
AAON#AAON, Inc.
AAP#Advance Auto Parts Inc
AAPL#Apple Inc. 
AAT#American Assets Trust, Inc.
AAWW#Atlas Air Worldwide Holdings
ABAX#ABAXIS, Inc.
ABBV#AbbVie Inc.
ABC#AmerisourceBergen Corporation
ABCB#Ameris Bancorp
ABCO#The Advisory Board Company
ABFS#Arkansas Best Corporation
ABG#Asbury Automotive Group Inc
ABM#ABM Industries Incorporated
ABMD#ABIOMED, Inc.
ABT#Abbott Laboratories
ACAD#ACADIA Pharmaceuticals Inc.
ACAS#American Capital, Ltd.
ACAT#Arctic Cat Inc.
ACC#American Campus Communities Inc
ACCL#Accelrys, Inc.
ACCO#Acco Brands Corporation
ACE#Ace Limited
ACET#Aceto Corporation
ACFN#Acorn Energy, Inc.
ACGL#Arch Capital Group Ltd.
ACHC#Acadia Healthcare Company, Inc.
ACHN#Achillion Pharmaceuticals, Inc.
ACI#Arch Coal, Inc.
ACIW#ACI Worldwide, Inc.
ACLS#Axcelis Technologies, Inc.
ACM#Aecom Technology Corporation
ACN#Accenture plc.
ACO#Amcol International Corporation
ACOR#Acorda Therapeutics, Inc.
ACRE#Ares Commercial Real Estate Corporation
ACRX#AcelRx Pharmaceuticals, Inc.
ACTG#Acacia Research Corporation
ACW#Accuride Corporation New
ACXM#Acxiom Corporation
ADBE#Adobe Systems Incorporated
ADC#Agree Realty Corporation
ADES#Advanced Emissions Solutions, Inc.
ADI#Analog Devices, Inc.
ADM#Archer-Daniels-Midland Company
ADMS#Adamas Pharmaceuticals, Inc.
ADNC#Audience, Inc.
ADP#Automatic Data Processing, Inc.
ADS#Alliance Data Systems Corporation
ADSK#Autodesk, Inc.
ADT#ADT Corporation
ADTN#ADTRAN, Inc.
ADUS#Addus HomeCare Corporation
ADVS#Advent Software, Inc.
AE#Adams Resources & Energy, Inc.
AEC#Associated Estates Realty Corporation
AEE#Ameren Corporation
AEGN#Aegion Corp
AEGR#Aegerion Pharmaceuticals, Inc.
AEIS#Advanced Energy Industries, Inc.
AEL#American Equity Investment Life Holding Company
AEO#American Eagle Outfitters, Inc.
AEP#American Electric Power Company, Inc.
AEPI#AEP Industries Inc.
AERI#Aerie Pharmaceuticals, Inc.
AES#The AES Corporation
AET#Aetna Inc.
AF#Astoria Financial Corporation
AFAM#Almost Family Inc
AFFX#Affymetrix, Inc.
AFG#American Financial Group, Inc.
AFH#Atlas Financial Holdings, Inc.
AFL#Aflac Incorporated
AFOP#Alliance Fiber Optic Products, Inc.
AFSI#AmTrust Financial Services, Inc.
AGCO#AGCO Corporation
AGEN#Agenus Inc.
AGII#Argo Group International Holdings, Ltd.
AGIO#Agios Pharmaceuticals, Inc.
AGM#Federal Agricultural Mortgage Corporation
AGN#Allergen plc
AGNC#American Capital Agency Corp.
AGO#Assured Guaranty Ltd.
AGTC#Applied Genetic Technologies Corporation
AGX#Argan, Inc.
AGYS#Agilysys, Inc.
AHC#A.H. Belo Corporation
AHH#Armada Hoffler Properties, Inc.
AHL#Aspen Insurance Holdings Limited
AHP#Ashford Hospitality Prime, Inc.
AHS#AMN Healthcare Services Inc
AHT#Ashford Hospitality Trust Inc
AI#Arlington Asset Investment Corp
AIG#American International Group, Inc.
AIMC#Altra Industrial Motion Corp.
AIN#Albany International Corporation
AINV#Apollo Investment Corporation
AIQ#Alliance HealthCare Services, Inc.
AIR#AAR Corp.
AIRM#Air Methods Corporation
AIT#Applied Industrial Technologies, Inc.
AIV#Apartment Investment and Management Company
AIZ#Assurant, Inc.
AJG#Arthur J. Gallagher & Co.
AKAM#Akamai Technologies, Inc.
AKAO#Achaogen, Inc.
AKBA#Akebia Therapeutics, Inc.
AKR#Acadia Realty Trust
AKRX#Akorn, Inc.
AKS#AK Steel Holding Corporation
AL#Air Lease Corporation
ALB#Albemarle Corporation
ALCO#Alico, Inc.
ALDR#Alder BioPharmaceuticals, Inc.
ALE#Allete, Inc.
ALEX#Alexander & Baldwin Holdings, Inc.
ALG#Alamo Group, Inc.
ALGN#Align Technology, Inc.
ALGT#Allegiant Travel Company
ALIM#Alimera Sciences, Inc.
ALJ#Alon USA Energy, Inc.
ALK#Alaska Air Group, Inc.
ALKS#Alkermes plc
ALL#Allstate Corporation
ALLE#Allegion plc
ALNY#Alnylam Pharmaceuticals, Inc.
ALOG#Analogic Corporation
ALR#Alere Inc.
ALSN#Allison Transmission Holdings, Inc.
ALTR#Altera Corporation
ALX#Alexander's, Inc.
ALXN#Alexion Pharmaceuticals, Inc.
AMAG#AMAG Pharmaceuticals, Inc.
AMAT#Applied Materials, Inc.
AMBA#Ambarella, Inc.
AMBC#Ambac Financial Group, Inc.
AMBR#Amber Road, Inc.
AMC#AMC Entertainment Holdings, Inc.
AMCC#Applied Micro Circuits Corporation
AMCX#AMC Networks Inc.
AMD#Advanced Micro Devices, Inc.
AME#AMTEK, Inc.
AMED#Amedisys Inc
AMG#Affiliated Managers Group, Inc.
AMGN#Amgen Inc.
AMKR#Amkor Technology, Inc.
AMNB#American National Bankshares, Inc.
AMP#AMERIPRISE FINANCIAL SERVICES, INC.
AMPE#Ampio Pharmaceuticals, Inc.
AMRC#Ameresco, Inc.
AMRE#AmREIT, Inc.
AMRI#Albany Molecular Research, Inc.
AMRS#Amyris, Inc.
AMSC#American Superconductor Corporation
AMSF#AMERISAFE, Inc.
AMSG#Amsurg Corp.
AMSWA#American Software, Inc.
AMT#American Tower Corporation
AMTD#TD Ameritrade Holding Corporation
AMTG#Apollo Residential Mortgage, Inc.
AMWD#American Woodmark Corporation
AMZG#American Eagle Energy Corporation.
AMZN#Amazon.com, Inc.
AN#AutoNation, Inc.
ANAC#Anacor Pharmaceuticals, Inc.
ANAD#ANADIGICS, Inc.
ANAT#American National Insurance Company
ANCX#Access National Corporation
ANDE#The Andersons, Inc.
ANF#Abercrombie & Fitch Company
ANGI#Angie's List, Inc.
ANGO#AngioDynamics, Inc.
ANH#Anworth Mortgage AssetCorporation
ANIK#Anika Therapeutics Inc.
ANIP#ANI Pharmaceuticals, Inc.
ANN#ANN INC.
ANR#Alpha Natural Resources, inc.
ANSS#ANSYS, Inc.
ANTM#Anthem, Inc.
ANV#Allied Nevada Gold Corp.
AOI#Alliance One International, Inc.
AOL#AOL Inc.
AON#Aon plc
AOS#Smith
AOSL#Alpha and Omega Semiconductor Limited
AP#Ampco-Pittsburgh Corporation
APA#Apache Corporation
APAGF#Apco Oil and Gas International Inc.
APAM#Artisan Partners Asset Management Inc.
APC#Anadarko Petroleum Corporation
APD#Air Products and Chemicals, Inc.
APEI#American Public Education, Inc.
APH#Amphenol Corporation
APL#Atlas Pipeline Partners, L.P.
APOG#Apogee Enterprises, Inc.
APOL#Apollo Education Group, Inc.
APP#American Apparel Inc
ARAY#Accuray Incorporated
ARC#ARC Document Solutions, Inc.
ARCB#ArcBest Corporation
ARCC#Ares Capital Corporation
ARCW#ARC Group Worldwide, Inc.
ARE#Alexandria Real Estate Equities, Inc.
AREX#Approach Resources Inc.
ARG#Airgas, Inc.
ARI#Apollo Commercial Real Estate Finance
ARIA#ARIAD Pharmaceuticals, Inc.
ARII#American Railcar Industries, Inc.
ARNA#Arena Pharmaceuticals, Inc.
ARO#Aeropostale Inc
AROW#Arrow Financial Corporation
ARPI#American Residential Properties, Inc.
ARQL#ArQule, Inc.
ARR#ARMOUR Residential REIT, Inc.
ARRS#ARRIS Group, Inc.
ARRY#Array BioPharma Inc.
ARSD#Arabian American Development Company
ARTC#ArthroCare Corporation
ARTNA#Artesian Resources Corporation
ARUN#Aruba Networks, Inc.
ARW#Arrow Electronics, Inc.
ARWR#Arrowhead Research Corporation
ARX#Aeroflex Holding Corp.
ASBC#Associated Banc-Corp
ASC#Ardmore Shipping Corporation
ASCMA#Ascent Capital Group, Inc.
ASEI#American Science and Engineering, Inc.
ASGN#On Assignment, Inc.
ASH#Ashland Inc.
ASNA#Ascena Retail Group, Inc.
ASPS#Altisource Portfolio Solutions S.A.
ASPX#Auspex Pharmaceuticals, Inc.
ASTE#Astec Industries, Inc.
AT#Atlantic Power Corporation
ATEC#Alphatec Holdings, Inc.
ATEN#A10 Networks, Inc.
ATHN#athenahealth, Inc.
ATI#Allegheny Technologies Incorporated
ATK#Alliant Techsystems Inc.
ATLO#Ames National Corporation
ATMI#ATMI Inc.
ATML#Atmel Corporation
ATNI#Atlantic Tele-Network, Inc.
ATNM#Cactus Ventures, Inc.
ATNY#API Technologies Corp.
ATO#Atmos Energy Corporation
ATR#AptarGroup, Inc.
ATRC#AtriCure, Inc.
ATRI#ATRION Corporation
ATRO#Astronics Corporation
ATRS#Antares Pharma, Inc.
ATSG#Air Transport Services Group, Inc
ATU#Actuant Corporation
ATVI#Activision Blizzard, Inc
ATW#Atwood Oceanics, Inc.
AUXL#Auxilium Pharmaceuticals, Inc.
AVA#Avista Corporation
AVAV#AeroVironment, Inc.
AVB#AvalonBay Communities, Inc.
AVD#American Vanguard Corporation
AVEO#AVEO Pharmaceuticals, Inc.
AVG#AVG Technologies N.V.
AVGO#Avago Technologies Limited
AVHI#A V Homes, Inc.
AVID#Avid Technology, Inc.
AVIV#Aviv REIT, Inc.
AVNR#Avanir Pharmaceuticals, Inc.
AVNW#Aviat Networks, Inc.
AVP#Avon Products, Inc.
AVT#Avnet, Inc.
AVX#AVX Corporation
AVY#Avery Dennison Corporation
AWAY#HomeAway, Inc.
AWH#Allied World Assurance Company Holdings, AG
AWI#Armstrong World Industries Inc
AWK#American Water Works
AWR#American States Water Company
AXAS#Abraxas Petroleum Corporation
AXDX#Accelerate Diagnostics, Inc.
AXE#Anixter International Inc.
AXL#American Axle & Manufacturing Holdings, Inc.
AXLL#Axiall Corporation
AXP#American Express Company
AXS#Axis Capital Holdings Limited
AYI#Acuity Brands Inc
AYR#Aircastle Limited
AZO#AutoZone, Inc.
AZPN#Aspen Technology, Inc.
AZZ#AZZ Incorporated
B#Barnes Group, Inc.
BA#Boeing Company
BABY#Natus Medical Incorporated
BAC#Bank of America Corporation
BAGL#Einstein Noah Restaurant Group, Inc.
BAGR#Diversified Restaurant Holdings, Inc.
BAH#Booz Allen Hamilton Holding Corporation
BALT#Baltic Trading Limited
BANC#Banc of California, Inc.
BANF#BancFirst Corporation
BANR#Banner Corporation
BAS#Basic Energy Services, Inc.
BAX#Baxter International Inc.
BBBY#Bed Bath & Beyond Inc.
BBCN#BBCN Bancorp, Inc.
BBG#Bill Barrett Corporation
BBGI#Beasley Broadcast Group, Inc.
BBNK#Bridge Capital Holdings
BBOX#Black Box Corporation
BBRG#Bravo Brio Restaurant Group, Inc.
BBSI#Barrett Business Services, Inc.
BBT#BB&T Corporation
BBW#Build-A-Bear Workshop, Inc.
BBX#BBX Capital Corporation
BBY#Best Buy Co., Inc.
BC#Brunswick Corporation
BCC#Boise Cascade, L.L.C.
BCEI#Bonanza Creek Energy, Inc.
BCO#Brink's Company
BCOR#Blucora, Inc.
BCOV#Brightcove Inc.
BCPC#Balchem Corporation
BCR#C.R. Bard, Inc.
BCRX#BioCryst Pharmaceuticals, Inc.
BDBD#Boulder Brands, Inc.
BDC#Belden Inc
BDE#Black Diamond, Inc.
BDGE#Bridge Bancorp, Inc.
BDN#Brandywine Realty Trust
BDSI#BioDelivery Sciences International, Inc.
BDX#Becton, Dickinson and Company
BEAM#Beam Inc.
BEAT#BioTelemetry, Inc.
BEAV#B/E Aerospace, Inc.
BEBE#bebe stores, inc.
BECN#Beacon Roofing Supply, Inc.
BEE#Strategic Hotels & Resorts Inc
BELFB#Bel Fuse Inc.
BEN#Franklin Resources, Inc.
BERY#BPC Acquisition Corp
BFAM#Bright Horizons Family Solutions Inc.
BF_B#Brown Forman Corporation
BFIN#BankFinancial Corporation
BFS#Saul Centers, Inc.
BG#Bunge Limited
BGC#General Cable Corporation
BGCP#BGC Partners, Inc.
BGFV#Big 5 Sporting Goods Corporation
BGG#Briggs & Stratton Corporation
BGS#B&G Foods, Inc.
BH#Biglari Holdings Inc.
BHB#Bar Harbor Bankshares, Inc.
BHE#Benchmark Electronics, Inc.
BHI#Baker Hughes Incorporated
BHLB#Berkshire Hills Bancorp, Inc.
BID#Sotheby's
BIDU#Baidu, Inc.
BIG#Big Lots, Inc.
BIIB#Biogen Idec Inc.
BIO#Bio-Rad Laboratories, Inc.
BIOL#Biolase, Inc.
BIOS#BioScrip, Inc.
BIRT#Actuate Corporation
BJRI#BJ's Restaurants, Inc.
BK#Bank Of New York Mellon Corporation
BKCC#BlackRock Kelso Capital Corporation
BKD#Brookdale Senior Living Inc.
BKE#Buckle, Inc.
BKH#Black Hills Corporation
BKMU#Bank Mutual Corporation
BKS#Barnes & Noble, Inc.
BKU#BankUnited, Inc.
BKW#Burger King Worldwide Inc.
BKYF#The Bank of Kentucky Financial Corp.
BLDR#Builders FirstSource, Inc.
BLK#BlackRock, Inc.
BLKB#Blackbaud, Inc.
BLL#Ball Corporation
BLMN#Bloomin' Brands, Inc.
BLOX#Infoblox Inc.
BLT#Blount International, Inc.
BLUE#bluebird bio, Inc.
BLX#Banco Latinoamericano de Comercio Exterior, S.A.
BMI#Badger Meter, Inc.
BMR#Biomed Realty Trust
BMRC#Bank of Marin Bancorp
BMRN#BioMarin Pharmaceutical Inc.
BMS#Bemis Company, Inc.
BMTC#Bryn Mawr Bank Corporation
BMY#Bristol-Myers Squibb Company
BNCL#Beneficial Mutual Bancorp, Inc.
BNCN#BNC Bancorp
BNFT#Benefitfocus, Inc.
BNNY#Annie's, Inc.
BOBE#Bob Evans Farms, Inc.
BODY#Body Central Corp.
BOFI#BofI Holding, Inc.
BOH#Bank of Hawaii Corporation
BOKF#BOK Financial Corporation
BOLT#Bolt Technology Corporation
BONT#The Bon-Ton Stores, Inc.
BOOM#Dynamic Materials Corporation
BP#BP p.l.c.
BPFH#Boston Private Financial Holdings, Inc.
BPI#Bridgepoint Education, Inc.
BPOP#Popular, Inc.
BPTH#Bio-Path Holdings Inc
BPZ#BPZ Resources, Inc
BR#Broadridge Financial Solutions, Inc.
BRC#Brady Corporation
BRCD#Brocade Communications Systems, Inc.
BRCM#Broadcom Corporation
BRDR#Borderfree, Inc.
BREW#Craft Brew Alliance, Inc.
BRK_A#Berkshire Hathaway Inc.
BRK_B#Berkshire Hathaway Inc.
BRKL#Brookline Bancorp, Inc.
BRKR#Bruker Corporation
BRKS#Brooks Automation, Inc.
BRLI#Bio-Reference Laboratories, Inc.
BRO#Brown & Brown, Inc.
BRS#Bristow Group Inc
BRSS#Global Brass and Copper Holdings, Inc.
BRT#BRT Realty Trust
BSET#Bassett Furniture Industries, Incorporated
BSFT#BroadSoft, Inc.
BSRR#Sierra Bancorp
BSTC#BioSpecifics Technologies Corp
BSX#Boston Scientific Corporation
BTH#Blyth, Inc.
BTU#Peabody Energy Corporation
BTX#BioTime, Inc.
BURL#Burlington Stores, Inc.
BUSE#First Busey Corporation
BV#Bazaarvoice, Inc.
BWA#BorgWarner Inc.
BWC#Babcock & Wilcox Company
BWINB#Baldwin & Lyons, Inc.
BWLD#Buffalo Wild Wings, Inc.
BWS#Brown Shoe Company, Inc.
BXC#BlueLinx Holdings Inc.
BXLT#Baxalta Incorporated
BXP#Boston Properties, Inc.
BXS#BancorpSouth, Inc.
BYD#Boyd Gaming Corporation
BYI#Bally Technologies, Inc.
BZH#Beazer Homes USA, Inc.
C#Citigroup Inc.
CA#CA Inc.
CAB#Cabela's Inc
CAC#Camden National Corporation
CACB#Cascade Bancorp
CACC#Credit Acceptance Corporation
CACI#CACI International, Inc.
CACQ#Caesars Acquisition Company
CAG#ConAgra Foods, Inc.
CAH#Cardinal Health, Inc.
CAKE#The Cheesecake Factory Incorporated
CALD#Callidus Software, Inc.
CALL#magicJack VocalTec Ltd
CALM#Cal-Maine Foods, Inc.
CALX#Calix, Inc
CAM#Cameron International Corporation
CAMP#CalAmp Corp.
CAP#Cai International, Inc.
CAR#Avis Budget Group, Inc.
CARA#Cara Therapeutics, Inc.
CARB#Carbonite, Inc.
CAS#Castle
CASH#Meta Financial Group, Inc.
CASS#Cass Information Systems, Inc
CASY#Caseys General Stores, Inc.
CAT#Caterpillar, Inc.
CATM#Cardtronics, Inc.
CATO#Cato Corporation
CATY#Cathay General Bancorp
CAVM#Cavium, Inc.
CB#Chubb Corporation
CBB#Cincinnati Bell Inc
CBEY#Cbeyond, Inc.
CBF#Capital Bank Financial Corp.
CBG#CBRE Group, Inc.
CBI#Chicago Bridge & Iron Company N.V.
CBK#Christopher & Banks Corporation
CBL#CBL & Associates Properties, Inc.
CBM#Cambrex Corporation
CBOE#CBOE Holdings, Inc.
CBPX#Continental Building Products, Inc.
CBR#Ciber, Inc.
CBRL#Cracker Barrel Old Country Store, Inc.
CBS#CBS Corporation
CBSH#Commerce Bancshares, Inc.
CBST#Cubist Pharmaceuticals, Inc.
CBT#Cabot Corporation
CBU#Community Bank System, Inc.
CBZ#CBIZ, Inc.
CCBG#Capital City Bank Group
CCC#Calgon Carbon Corporation
CCE#Coca-Cola Enterprises, Inc.
CCF#Chase Corporation
CCG#Campus Crest Communities, Inc.
CCI#Crown Castle International Corporation
CCK#Crown Holdings, Inc.
CCL#Carnival Corporation
CCMP#Cabot Microelectronics Corporation
CCNE#CNB Financial Corporation
CCO#Clear Channel Outdoor Holdings, Inc.
CCOI#Cogent Communications Holdings, Inc.
CCRN#Cross Country Healthcare, Inc.
CCXI#ChemoCentryx, Inc.
CDE#Coeur Mining, Inc.
CDI#CDI Corporation
CDNS#Cadence Design Systems, Inc.
CDR#Cedar Realty Trust, Inc.
CE#Celanese Corporation
CEB#The Corporate Executive Board Company
CECE#CECO Environmental Corp.
CECO#Career Education Corporation
CELG#Celgene Corporation
CEMP#Cempra, Inc.
CENTA#Central Garden & Pet Company
CENX#Century Aluminum Company
CERN#Cerner Corporation
CERS#Cerus Corporation
CETV#Central European Media Enterprises Ltd.
CEVA#CEVA, Inc.
CF#CF Industries Holdings, Inc.
CFFI#C&F Financial Corporation
CFFN#Capitol Federal Financial, Inc.
CFI#Culp, Inc.
CFN#CareFusion Corporation
CFNB#California First National Bancorp
CFNL#Cardinal Financial Corporation
CFR#Cullen/Frost Bankers, Inc.
CFX#Colfax Corporation
CGI#Celadon Group, Inc.
CGNX#Cognex Corporation
CHCO#City Holding Company
CHD#Church & Dwight Company, Inc.
CHDN#Churchill Downs, Incorporated
CHDX#Chindex International, Inc.
CHE#Chemed Corp.
CHEF#The Chefs' Warehouse, Inc.
CHFC#Chemical Financial Corporation
CHFN#Charter Financial Corp.
CHGG#Chegg, Inc.
CHH#Choice Hotels International, Inc.
CHK#Chesapeake Energy Corporation
CHKP#Check Point Software Technologies Ltd.
CHMG#Chemung Financial Corp
CHMT#Chemtura Corp.
CHRW#C.H. Robinson Worldwide, Inc.
CHS#Chico's FAS, Inc.
CHSP#Chesapeake Lodging Trust
CHTP#Chelsea Therapeutics International, Ltd.
CHTR#Charter Communications, Inc.
CHUY#Chuy's Holdings, Inc.
CI#Cigna Corporation
CIA#Citizens, Inc.
CIDM#Cinedigm Corp
CIE#Cobalt International Energy, Inc.
CIEN#Ciena Corporation
CIFC#CIFC Corp.
CIM#Chimera Investment Corporation
CINF#Cincinnati Financial Corporation
CIR#CIRCOR International, Inc.
CIT#CIT Group Inc
CIX#CompX International Inc.
CJES#C&J Energy Services, Inc.
CKEC#Carmike Cinemas, Inc.
CKH#SEACOR Holdings, Inc.
CKP#Checkpoint Systms, Inc.
CL#Colgate-Palmolive Company
CLC#CLARCOR Inc.
CLCT#Collectors Universe, Inc.
CLD#Cloud Peak Energy Inc
CLDT#Chatham Lodging Trust
CLDX#Celldex Therapeutics, Inc.
CLF#Cliffs Natural Resources Inc.
CLFD#Clearfield, Inc.
CLGX#CoreLogic, Inc.
CLH#Clean Harbors, Inc.
CLI#Mack-Cali Realty Corporation
CLMS#Calamos Asset Management, Inc.
CLNE#Clean Energy Fuels Corp.
CLNY#Colony Financial, Inc
CLR#Continental Resources, Inc.
CLUB#Town Sports International Holdings, Inc.
CLVS#Clovis Oncology, Inc.
CLW#Clearwater Paper Corporation
CLX#Clorox Company
CMA#Comerica Incorporated
CMC#Commercial Metals Company
CMCO#Columbus McKinnon Corporation
CMCSA#Comcast Corporation
CMCSK#Comcast Corporation
CME#CME Group Inc.
CMG#Chipotle Mexican Grill, Inc.
CMI#Cummins Inc.
CMLS#Cumulus Media Inc.
CMN#Cantel Medical Corp.
CMO#Capstead Mortgage Corporation
CMP#Compass Minerals International, Inc.
CMRX#Chimerix, Inc.
CMS#CMS Energy Corporation
CMTL#Comtech Telecommunications Corp.
CNA#CNA Financial Corporation
CNBC#Center Bancorp, Inc.
CNBKA#Century Bancorp, Inc.
CNC#Centene Corporation
CNDO#Coronado Biosciences, Inc.
CNK#Cinemark Holdings Inc
CNL#Cleco Corporation
CNMD#CONMED Corporation
CNO#CNO Financial Group, Inc.
CNOB#ConnectOne Bancorp, Inc.
CNP#CenterPoint Energy, Inc.
CNQR#Concur Technologies, Inc.
CNS#Cohn & Steers Inc
CNSI#Comverse Inc.
CNSL#Consolidated Communications Holdings, Inc.
CNVR#Conversant, Inc.
CNW#Con-way Inc.
CNX#CONSOL Energy Inc.
COB#CommunityOne Bancorp
COBZ#CoBiz Financial Inc.
COCO#Corinthian Colleges, Inc.
CODE#Spansion Inc
COF#Capital One Financial Corporation
COG#Cabot Oil & Gas Corporation
COH#Coach, Inc.
COHR#Coherent, Inc.
COHU#Cohu, Inc.
COKE#Coca-Cola Bottling Co. Consolidated
COL#Rockwell Collins, Inc.
COLB#Columbia Banking System, Inc.
COLM#Columbia Sportswear Company
CONE#CyrusOne Inc
CONN#Conn's, Inc.
COO#Cooper Companies, Inc.
COP#ConocoPhillips
COR#CoreSite Realty Corporation
CORE#Core-Mark Holding Company, Inc.
CORR#CorEnergy Infrastructure Trust, Inc.
CORT#Corcept Therapeutics Incorporated
COST#Costco Wholesale Corporation
COUP#Coupons.com Incorporated
COV#Covidien plc.
COVS#Covisint Corporation
COWN#Cowen Group, Inc.
CPA#Copa Holdings, S.A.
CPB#Campbell Soup Company
CPE#Callon Petroleum Company
CPF#CPB Inc.
CPGX#Columbia Pipeline Group, Inc.
CPHD#CEPHEID
CPK#Chesapeake Utilities Corporation
CPLA#Capella Education Company
CPN#Calpine Corporation
CPRT#Copart, Inc.
CPS#Cooper-Standard Holdings Inc.
CPSI#Computer Programs and Systems, Inc.
CPSS#Consumer Portfolio Services, Inc.
CPST#Capstone Turbine Corporation
CPT#Camden Property Trust
CPWR#Compuware Corporation
CQB#Chiquita Brands International, Inc.
CR#Crane Company
CRAI#CRA International,Inc.
CRAY#Cray Inc
CRCM#Care.com, Inc.
CRD_B#Crawford & Company
CREE#Cree, Inc.
CRI#Carter's, Inc.
CRIS#Curis, Inc.
CRK#Comstock Resources, Inc.
CRL#Charles River Laboratories International, Inc.
CRM#Salesforce.com Inc
CRMT#America's Car-Mart, Inc.
CROX#Crocs, Inc.
CRR#Carbo Ceramics, Inc.
CRRC#Courier Corporation
CRRS#Corporate Resource Services, Inc.
CRS#Carpenter Technology Corporation
CRUS#Cirrus Logic, Inc.
CRVL#CorVel Corp.
CRWN#Crown Media Holdings, Inc.
CRY#CryoLife, Inc.
CRZO#Carrizo Oil & Gas, Inc.
CSBK#Clifton Bancorp Inc.
CSC#Computer Sciences Corporation
CSCD#Cascade Microtech, Inc.
CSCO#Cisco Systems, Inc.
CSE#CapitalSource Inc
CSFL#CenterState Banks, Inc.
CSG#Chambers Street Properties
CSGP#CoStar Group, Inc.
CSGS#CSG Systems International, Inc.
CSH#Cash America International, Inc.
CSII#Cardiovascular Systems, Inc.
CSL#Carlisle Companies Incorporated
CSLT#Castlight Health, inc.
CSOD#Cornerstone OnDemand, Inc.
CSRA#Untitled Dataset 2015-12-01 22:51:10
CSS#CSS Industries, Inc.
CST#CST Brands, Inc.
CSU#Capital Senior Living Corporation
CSV#Carriage Services, Inc.
CSWC#Capital Southwest Corporation
CSX#CSX Corporation
CTAS#Cintas Corporation
CTB#Cooper Tire & Rubber Company
CTBI#Community Trust Bancorp, Inc.
CTCT#Constant Contact, Inc.
CTG#Computer Task Group, Incorporated
CTIC#Cell Therapeutics, Inc.
CTL#CenturyLink, Inc.
CTO#Consolidated-Tomoka Land Co.
CTRE#CareTrust REIT, Inc.
CTRL#Control4 Corporation
CTRN#Citi Trends, Inc.
CTRX#Catamaran Corporation
CTS#CTS Corporation
CTSH#Cognizant Technology Solutions Corporation
CTT#CatchMark Timber Trust, Inc.
CTWS#Connecticut Water Service, Inc.
CTXS#Citrix Systems, Inc.
CUB#Cubic Corporation
CUBE#CubeSmart
CUBI#Customers Bancorp, Inc
CUDA#Barracuda Networks, Inc.
CUI#CUI Global, Inc.
CUNB#CU Bancorp
CUR#Neuralstem, Inc.
CUTR#Cutera, Inc.
CUZ#Cousins Properties Incorporated
CVA#Covanta Holding Corporation
CVBF#CVB Financial Corporation
CVC#Cablevision Systems Corporation
CVCO#Cavco Industries, Inc.
CVD#Covance Inc.
CVEO#Civeo Corporation
CVG#Convergys Corporation
CVGI#Commercial Vehicle Group, Inc.
CVGW#Calavo Growers, Inc.
CVI#CVR Energy Inc.
CVLT#CommVault Systems, Inc.
CVO#Cenveo Inc
CVS#CVS Corporation
CVT#CVENT, INC.
CVX#Chevron Corporation
CW#Curtiss-Wright Corporation
CWCO#Consolidated Water Co. Ltd.
CWEI#Clayton Williams Energy, Inc.
CWH#CommonWealth REIT
CWST#Casella Waste Systems, Inc.
CWT#California WaterService Group Holding
CXO#Concho Resources Inc.
CXW#Corrections Corporation of America
CY#Cypress Semiconductor Corporation
CYBX#Cyberonics, Inc.
CYH#Community Health Systems, Inc.
CYN#City National Corporation
CYNI#Cyan, Inc.
CYNO#Cynosure, Inc.
CYS#CYS Investments, Inc.
CYT#Cytec Industries Inc.
CYTK#Cytokinetics, Incorporated
CYTR#CytRx Corporation
CYTX#Cytori Therapeutics Inc
CZNC#Citizens & Northern Corp
CZR#Caesars Entertainment Corporation
D#Dominion Resources, Inc.
DAKT#Daktronics, Inc.
DAL#Delta Air Lines, Inc.
DAN#Dana Holding Corporation
DAR#Darling Ingredients Inc.
DATA#Tableau Software, Inc.
DAVE#Famous Dave's of America, Inc.
DBD#Diebold, Incorporated
DCI#Donaldson Company, Inc.
DCO#Ducommun Incorporated
DCOM#Dime Community Bancshares, Inc.
DCT#DCT Industrial Trust Inc
DD#E.I. du Pont de Nemours and Company
DDD#3D Systems Corporation
DDR#DDR Corp.
DDS#Dillard's, Inc.
DE#Deere & Company
DECK#Deckers Outdoor Corporation
DEI#Douglas Emmett, Inc.
DEL#Deltic Timber Corporation
DELL#Dell Inc.
DENN#Denny's Corporation
DEPO#Depomed, Inc.
DEST#Destination Maternity Corporation
DF#Dean Foods Company
DFRG#Del Frisco's Restaurant Group, Inc.
DFS#Discover Financial Services
DFT#Dupont Fabros Technology, Inc.
DFZ#R.G. Barry Corporation
DG#Dollar General Corporation
DGAS#Delta Natural Gas Company, Inc.
DGI#DigitalGlobe, Inc
DGICA#Donegal Group, Inc.
DGII#Digi International Inc.
DGX#Quest Diagnostics Incorporated
DHI#D.R. Horton, Inc.
DHIL#Diamond Hill Investment Group, Inc.
DHR#Danaher Corporation
DHT#DHT Holdings, Inc.
DHX#Dice Holdings, Inc.
DIN#DineEquity, Inc
DIOD#Diodes Incorporated
DIS#Walt Disney Company
DISCA#Discovery Communications, Inc.
DISCK#Discovery Communications, Inc.
DISH#DISH Network Corporation
DJCO#Daily Journal Corp.
DK#Delek US Holdings, Inc.
DKS#Dick's Sporting Goods Inc
DLB#Dolby Laboratories
DLLR#DFC Global Corp
DLPH#Delphi Automotive plc
DLR#Digital Realty Trust, Inc.
DLTR#Dollar Tree, Inc.
DLX#Deluxe Corporation
DMD#Demand Media Inc.
DMND#Diamond Foods, Inc.
DMRC#Digimarc Corporation
DNB#Dun & Bradstreet Corporation
DNDN#Dendreon Corporation
DNKN#Dunkin' Brands Group, Inc.
DNR#Denbury Resources Inc.
DO#Diamond Offshore Drilling, Inc.
DOC#Physicians Realty Trust
DOOR#Masonite International Corporation
DORM#Dorman Products, Inc.
DOV#Dover Corporation
DOW#Dow Chemical Company
DOX#Amdocs Limited
DPS#Dr Pepper Snapple Group, Inc
DPZ#Domino's Pizza Inc
DRC#Dresser-Rand Group Inc.
DRE#Duke Realty Corporation
DRH#Diamondrock Hospitality Company
DRI#Darden Restaurants, Inc.
DRII#Diamond Resorts International, Inc.
DRIV#Digital River, Inc.
DRL#Doral Financial Corporation
DRNA#Dicerna Pharmaceuticals, Inc.
DRQ#Dril-Quip, Inc.
DRTX#Durata Therapeutics, Inc.
DSCI#Derma Sciences, Inc.
DSPG#DSP Group, Inc.
DST#DST Systems, Inc.
DSW#DSW Inc.
DTE#DTE Energy Company
DTLK#Datalink Corporation
DTSI#DTS, Inc.
DTV#DIRECTV
DUK#Duke Energy Corporation
DV#DeVry Education Group Inc.
DVA#DaVita healthCare Partners Inc.
DVAX#Dynavax Technologies Corporation
DVN#Devon Energy Corporation
DVR#Cal Dive International, Inc.
DW#Drew Industries Incorporated
DWA#Dreamworks Animation SKG, Inc.
DWRE#DEMANDWARE, INC.
DWSN#Dawson Geophysical Company
DX#Dynex Capital, Inc.
DXCM#DexCom, Inc.
DXLG#Destination XL Group, Inc.
DXM#Dex Media, Inc.
DXPE#DXP Enterprises, Inc.
DXYN#The Dixie Group, Inc.
DY#Dycom Industries, Inc.
DYAX#Dyax Corp.
DYN#Dynegy Inc.
EA#Electronic Arts Inc.
EAC#Erickson Incorporated
EAT#Brinker International, Inc.
EBAY#eBay Inc.
EBF#Ennis, Inc.
EBIO#Eleven Biotherapeutics, Inc.
EBIX#Ebix, Inc.
EBS#Emergent Biosolutions, Inc.
EBSB#Meridian Interstate Bancorp, Inc.
EBTC#Enterprise Bancorp Inc
ECHO#Echo Global Logistics, Inc.
ECL#Ecolab Inc.
ECOL#US Ecology, Inc.
ECOM#ChannelAdvisor Corporation
ECPG#Encore Capital Group Inc
ECYT#Endocyte, Inc.
ED#Consolidated Edison Inc
EDE#Empire District Electric Company
EDIG#E-Digital Corporation
EDMC#Education Management Corporation
EDR#Education Realty Trust Inc.
EE#El Paso Electric Company
EEFT#Euronet Worldwide, Inc.
EFII#Electronics for Imaging, Inc.
EFSC#Enterprise Financial Services Corporation
EFX#Equifax, Inc.
EGAN#eGain Corporation
EGBN#Eagle Bancorp, Inc.
EGHT#8x8 Inc
EGL#Engility Holdings, Inc.
EGLT#Egalet Corporation
EGN#Energen Corporation
EGOV#NIC Inc.
EGP#EastGroup Properties, Inc.
EGY#Vaalco Energy Inc
EHTH#eHealth, Inc.
EIG#Employers Holdings Inc
EIGI#Endurance International Group Holdings, Inc.
EIX#Edison International
EL#Estee Lauder Companies, Inc.
ELGX#Endologix, Inc.
ELLI#Ellie Mae, Inc.
ELNK#EarthLink Holdings Corp.
ELRC#Electro Rent Corporation
ELS#Equity Lifestyle Properties, Inc.
ELX#Emulex Corporation
ELY#Callaway Golf Company
EMC#EMC Corporation
EMCI#EMC Insurance Group Inc.
EME#EMCOR Group, Inc.
EMN#Eastman Chemical Company
EMR#Emerson Electric Company
END#Endeavor International Corporation
ENDP#Endo International plc
ENH#Endurance Specialty Holdings Ltd
ENOC#EnerNOC, Inc.
ENPH#Enphase Energy, Inc.
ENR#Energizer Holdings, Inc.
ENS#Enersys
ENSG#The Ensign Group, Inc.
ENT#Global Eagle Entertainment Inc.
ENTA#Enanta Pharmaceuticals, Inc.
ENTG#Entegris, Inc.
ENTR#Entropic Communications, Inc.
ENV#Envestnet, Inc
ENVE#Enventis Corporation
ENZ#Enzo Biochem, Inc.
ENZN#Enzon Pharmaceuticals, Inc.
EOG#EOG Resources, Inc.
EOPN#E2open, Inc.
EOX#Emerald Oil, Inc.
EPAM#EPAM Systems, Inc.
EPAY#Bottomline Technologies, Inc.
EPIQ#EPIQ Systems, Inc.
EPL#EPL Oil & Gas, Inc.
EPM#Evolution Petroleum Corporation, Inc.
EPR#EPR Properties
EPZM#Epizyme, Inc.
EQIX#Equinix, Inc.
EQR#Equity Residential
EQT#EQT Corporation
EQU#Equal Energy Ltd.
EQY#Equity One, Inc.
ERA#Era Group, Inc.
ERIE#Erie Indemnity Company
ERII#Energy Recovery, Inc.
EROS#Eros International PLC
ES#Eversource Energy
ESBF#ESB Financial Corporation
ESC#Emeritus Corporation
ESCA#Escalade, Incorporated
ESE#ESCO Technologies Inc.
ESGR#Enstar Group Limited
ESI#ITT Educational Services, Inc.
ESIO#Electro Scientific Industries, Inc.
ESL#Esterline Technologies Corporation
ESNT#Essent Group Ltd.
ESPR#Esperion Therapeutics, Inc.
ESRT#Empire State Realty Trust, Inc.
ESRX#Express Scripts Holding Company
ESS#Essex Property Trust, Inc.
ESSA#ESSA Bancorp, Inc.
ESV#ENSCO plc
ETFC#E*TRADE Financial Corporation
ETH#Ethan Allen Interiors Inc.
ETM#Entercom Communications Corporation
ETN#Eaton Corporation, PLC
ETR#Entergy Corporation
EV#Eaton Vance Corporation
EVC#Entravision Communications Corporation
EVDY#Everyday Health, Inc.
EVER#EverBank Financial Corp.
EVR#Evercore Partners Inc
EVRY#EveryWare Global, Inc.
EVTC#Evertec, Inc.
EW#Edwards Lifesciences Corporation
EWBC#East West Bancorp, Inc.
EXAC#Exactech, Inc.
EXAM#ExamWorks Group, Inc.
EXAR#Exar Corporation
EXAS#EXACT Sciences Corporation
EXC#Exelon Corporation
EXEL#Exelixis, Inc.
EXH#Exterran Holdings, Inc.
EXL#Excel Trust, Inc.
EXLS#ExlService Holdings, Inc.
EXP#Eagle Materials Inc
EXPD#Expeditors International of Washington, Inc.
EXPE#Expedia, Inc.
EXPO#Exponent, Inc.
EXPR#Express, Inc.
EXR#Extra Space Storage Inc
EXTR#Extreme Networks, Inc.
EXXI#Energy XXI
EZPW#EZCORP, Inc.
F#Ford Motor Company
FAF#First American Corporation
FANG#Diamondback Energy, Inc.
FARM#Farmer Brothers Company
FARO#FARO Technologies, Inc.
FAST#Fastenal Company
FB#Facebook, Inc.
FBC#Flagstar Bancorp, Inc.
FBHS#Fortune Brands Home & Security, Inc.
FBIZ#First Business Financial Services, Inc.
FBNC#First Bancorp
FBNK#First Connecticut Bancorp, Inc.
FBP#First BanCorp.
FBRC#FBR & Co
FC#Franklin Covey Company
FCBC#First Community Bancshares, Inc.
FCE_A#Forest City Enterprises Inc
FCEL#FuelCell Energy, Inc.
FCF#First Commonwealth Financial Corporation
FCFS#First Cash Financial Services, Inc.
FCH#FelCor Lodging Trust Incorporated
FCN#FTI Consulting, Inc.
FCNCA#First Citizens BancShares, Inc.
FCS#Fairchild Semiconductor International, Inc.
FCSC#Fibrocell Science Inc
FCX#Freeport-McMoran, Inc.
FDEF#First Defiance Financial Corp.
FDML#Federal-Mogul Holdings Corporation
FDO#Family Dollar Stores, Inc.
FDP#Fresh Del Monte Produce, Inc.
FDS#FactSet Research Systems Inc.
FDUS#Fidus Investment Corporation
FDX#FedEx Corporation
FE#FirstEnergy Corporation
FEIC#FEI Company
FELE#Franklin Electric Co., Inc.
FET#Forum Energy Technologies, Inc.
FF#FutureFuel Corp.
FFBC#First Financial Bancorp.
FFBH#First Federal Bancshares of Arkansas, Inc.
FFG#FBL Financial Group, Inc.
FFIC#Flushing Financial Corporation
FFIN#First Financial Bankshares, Inc.
FFIV#F5 Networks, Inc.
FFKT#Farmers Capital Bank Corporation
FFNW#First Financial Northwest, Inc.
FGL#Fidelity and Guaranty Life
FHCO#Female Health Company
FHN#First Horizon National Corporation
FIBK#First Interstate BancSystem, Inc.
FICO#Fair Isaac Corporation
FII#Federated Investors, Inc.
FINL#The Finish Line, Inc.
FIO#Fusion-io, Inc.
FIS#Fidelity National Information Services, Inc.
FISI#Financial Institutions, Inc.
FISV#Fiserv, Inc.
FITB#Fifth Third Bancorp
FIVE#Five Below, Inc.
FIVN#Five9, Inc.
FIX#Comfort Systems USA, Inc.
FIZZ#National Beverage Corp.
FL#Foot Locker, Inc.
FLDM#Fluidigm Corporation
FLIC#The First of Long Island Corporation
FLIR#FLIR Systems, Inc.
FLO#Flowers Foods, Inc.
FLR#Fluor Corporation
FLS#Flowserve Corporation
FLT#FleetCor Technologies, Inc.
FLTX#Fleetmatics Group PLC
FLWS#1-800 FLOWERS.COM, Inc.
FLXN#Flexion Therapeutics, Inc.
FLXS#Flexsteel Industries, Inc.
FMBI#First Midwest Bancorp, Inc.
FMC#FMC Corporation
FMD#First Marblehead Corporation
FMER#FirstMerit Corporation
FMI#Foundation Medicine, Inc.
FN#Fabrinet
FNB#F.N.B. Corporation
FNF#Fidelity National Financial, Inc.
FNFG#First Niagara Financial Group Inc.
FNGN#Financial Engines, Inc.
FNHC#Federated National Holding Company
FNLC#First Bancorp, Inc
FNSR#Finisar Corporation
FOE#Ferro Corporation
FOLD#Amicus Therapeutics, Inc.
FOR#Forestar Group Inc
FORM#FormFactor, Inc.
FORR#Forrester Research, Inc.
FOSL#Fossil Group, Inc.
FOX#Twenty-First Century Fox, Inc.
FOXA#Twenty-First Century Fox, Inc.
FOXF#Fox Factory Holding Corp.
FPO#First Potomac Realty Trust
FPRX#Five Prime Therapeutics, Inc.
FR#First Industrial Realty Trust, Inc.
FRAN#Francesca's Holdings Corporation
FRBK#Republic First Bancorp, Inc.
FRC#FIRST REPUBLIC BANK
FRED#Fred's, Inc.
FRF#Fortegra Financial Corporation
FRGI#Fiesta Restaurant Group, Inc.
FRM#Furmanite Corporation
FRME#First Merchants Corporation
FRNK#Franklin Financial Corporation
FRO#Frontline Ltd.
FRP#FairPoint Communications, Inc.
FRSH#Papa Murphy's Holdings, Inc.
FRT#Federal Realty Investment Trust
FRX#Forest Laboratories, Inc.
FSC#Fifth Street Finance Corp.
FSGI#First Security Group, Inc.
FSL#Freescale Semiconductor, Ltd.
FSLR#First Solar, Inc.
FSP#Franklin Street Properties Corp.
FSS#Federal Signal Corporation
FST#Forest Oil Corporation
FSTR#L.B. Foster Company
FSYS#Fuel Systems Solutions, Inc.
FTD#FTD Companies, Inc.
FTI#FMC Technologies, Inc.
FTK#Flotek Industries, Inc.
FTNT#Fortinet, Inc.
FTR#Frontier Communications Corporation
FUBC#1st United Bancorp, Inc.
FUEL#Rocket Fuel Inc.
FUL#H. B. Fuller Company
FULT#Fulton Financial Corporation
FUR#Winthrop Realty Trust
FURX#Furiex Pharmaceuticals, Inc.
FVE#Five Star Quality Care, Inc.
FWM#Fairway Group Holdings Corp.
FWRD#Forward Air Corporation
FXCB#Fox Chase Bancorp, Inc.
FXCM#FXCM Inc.
FXEN#FX Energy, Inc.
G#Genpact Limited
GABC#German American Bancorp, Inc.
GAIA#Gaiam, Inc.
GAIN#Gladstone Investment Corporation
GALE#Galena Biopharma, Inc.
GALT#Galectin Therapeutics Inc.
GARS#Garrison Capital Inc.
GAS#AGL Resources, Inc.
GB#Greatbatch, Inc.
GBCI#Glacier Bancorp, Inc.
GBDC#Golub Capital BDC, Inc.
GBL#Gamco Investors, Inc.
GBLI#Global Indemnity plc
GBNK#Guaranty Bancorp
GBX#Greenbrier Companies, Inc.
GCA#Global Cash Access Holdings, Inc.
GCAP#GAIN Capital Holdings, Inc.
GCI#Gannett Co., Inc.
GCO#Genesco Inc.
GD#General Dynamics Corporation
GDOT#Green Dot Corporation
GDP#Goodrich Petroleum Corporation
GE#General Electric Company
GEF#Greif Bros. Corporation
GEO#Geo Group Inc
GEOS#Geospace Technologies Corporation
GERN#Geron Corporation
GES#Guess?, Inc.
GEVA#Synageva BioPharma Corp.
GFF#Griffon Corporation
GFIG#GFI Group Inc.
GFN#General Finance Corporation
GGG#Graco Inc.
GGP#General Growth Properties, Inc.
GHC#Graham Holdings Company
GHDX#Genomic Health, Inc.
GHL#Greenhill & Co., Inc.
GHM#Graham Corporation
GIFI#Gulf Island Fabrication, Inc.
GIII#G-III Apparel Group, LTD.
GILD#Gilead Sciences, Inc.
GIMO#Gigamon Inc.
GIS#General Mills, Inc.
GK#G&K Services, Inc.
GLAD#Gladstone Capital Corporation
GLDD#Great Lakes Dredge & Dock Corporation
GLF#GulfMark Offshore, Inc.
GLNG#Golar LNG Limited
GLOG#GasLog LP.
GLPW#Global Power Equipment Group Inc
GLRE#Greenlight Reinsurance, Ltd.
GLRI#Glori Energy Inc
GLT#Glatfelter
GLUU#Glu Mobile Inc.
GLW#Corning Incorporated
GM#General Motors Company
GMAN#Gordmans Stores, Inc.
GMCR#Keurig Green Mountain, Inc.
GME#Gamestop Corporation
GMED#Globus Medical, Inc.
GMO#General Moly, Inc
GMT#GATX Corporation
GNC#GNC Holdings, Inc.
GNCA#Genocea Biosciences, Inc.
GNCMA#General Communication, Inc.
GNE#Genie Energy Ltd.
GNMK#GenMark Diagnostics, Inc.
GNRC#Generac Holdlings Inc.
GNTX#Gentex Corporation
GNW#Genworth Financial Inc
GOGO#Gogo Inc.
GOLD#Randgold Resources Limited
GOOD#Gladstone Commercial Corporation
GOOG#Google Inc.
GOOGL#Google Inc.
GORO#Gold Resource Corporation
GOV#Government Properties Income Trust
GPC#Genuine Parts Company
GPI#Group 1 Automotive, Inc.
GPK#Graphic Packaging Holding Company
GPN#Global Payments Inc.
GPOR#Gulfport Energy Corporation
GPRE#Green Plains, Inc.
GPS#Gap, Inc.
GPT#Gramercy Property Trust Inc.
GPX#GP Strategies Corporation
GRA#W.R. Grace & Co.
GRC#Gorman-Rupp Company
GRIF#Griffin Land & Nurseries, Inc.
GRMN#Garmin Ltd.
GRPN#Groupon, Inc.
GRT#Glimcher Realty Trust
GRUB#GrubHub Inc.
GS#Goldman Sachs Group, Inc.
GSAT#Globalstar, Inc.
GSBC#Great Southern Bancorp, Inc.
GSIG#GSI Group, Inc.
GSIT#GSI Technology, Inc.
GSM#Globe Specialty Metals Inc.
GSOL#Global Sources Ltd.
GST#Gastar Exploration Inc.
GSVC#GSV Capital Corp
GT#The Goodyear Tire & Rubber Company
GTAT#GT Advanced Technologies, Inc.
GTI#GrafTech International Ltd
GTIV#Gentiva Health Services, Inc.
GTLS#Chart Industries, Inc.
GTN#Gray Television, Inc.
GTS#Triple-S Management Corporation
GTT#GTT Communications, Inc.
GTXI#GTx, Inc.
GTY#Getty Realty Corporation
GUID#Guidance Software, Inc.
GVA#Granite Construction Incorporated
GWR#Genesee & Wyoming, Inc.
GWRE#Guidewire Software, Inc.
GWW#W.W. Grainger, Inc.
GXP#Great Plains Energy Inc
GY#GenCorp Inc.
H#Hyatt Hotels Corporation
HA#Hawaiian Holdings, Inc.
HAE#Haemonetics Corporation
HAFC#Hanmi Financial Corporation
HAIN#The Hain Celestial Group, Inc.
HAL#Halliburton Company
HALL#Hallmark Financial Services, Inc.
HALO#Halozyme Therapeutics, Inc.
HAR#Harman International Industries, Incorporated
HAS#Hasbro, Inc.
HASI#Hannon Armstrong Sustainable Infrastructure Capital, Inc.
HAWK#Blackhawk Network Holdings, Inc.
HAYN#Haynes International, Inc.
HBAN#Huntington Bancshares Incorporated
HBCP#Home Bancorp, Inc.
HBHC#Hancock Holding Company
HBI#Hanesbrands Inc.
HBIO#Harvard Bioscience, Inc.
HBNC#Horizon Bancorp
HCA#HCA Holdings, Inc.
HCBK#Hudson City Bancorp, Inc.
HCC#HCC Insurance Holdings, Inc.
HCCI#Heritage-Crystal Clean, Inc.
HCI#HCI Group, Inc.
HCKT#The Hackett Group, Inc.
HCN#Health Care REIT, Inc.
HCOM#Hawaiian Telcom Holdco, Inc.
HCP#HCP, Inc.
HCSG#Healthcare Services Group, Inc.
HCT#American Realty Capital Healthcare Trust, Inc.
HD#Home Depot, Inc.
HDNG#Hardinge, Inc.
HE#Hawaiian Electric Industries, Inc.
HEAR#Turtle Beach Corporation
HEES#H&E Equipment Services, Inc.
HEI#Heico Corporation
HELE#Helen of Troy Limited
HELI#CHC Group Ltd.
HEOP#Heritage Oaks Bancorp
HERO#Hercules Offshore, Inc.
HES#Hess Corporation
HF#HFF, Inc.
HFC#HollyFrontier Corporation
HFWA#Heritage Financial Corporation
HGG#HHGregg, Inc.
HGR#Hanger, Inc.
HHC#Howard Hughes Corporation
HHS#Harte-Hanks, Inc.
HI#Hillenbrand Inc
HIBB#Hibbett Sports, Inc.
HIFS#Hingham Institution for Savings
HIG#Hartford Financial Services Group, Inc.
HII#Huntington Ingalls Industries, Inc.
HIIQ#Health Insurance Innovations, Inc.
HIL#Hill International, Inc.
HILL#Dot Hill Systems Corporation
HITK#Hi-Tech Pharmacal Co., Inc.
HITT#Hittite Microwave Corporation
HIVE#Aerohive Networks, Inc.
HIW#Highwoods Properties, Inc.
HK#Halcon Resources Corporation
HL#Hecla Mining Company
HLF#Herbalife LTD.
HLIT#Harmonic Inc.
HLS#HealthSouth Corporation
HLSS#Home Loan Servicing Solutions, Ltd.
HLX#Helix Energy Solutions Group, Inc.
HME#Home Properties, Inc.
HMHC#Houghton Mifflin Harcourt Company
HMN#Horace Mann Educators Corporation
HMPR#Hampton Roads Bankshares Inc
HMST#HomeStreet, Inc.
HMSY#HMS Holdings Corp
HMTV#Hemisphere Media Group, Inc.
HNH#Handy & Harman Ltd.
HNI#HNI Corporation
HNR#Harvest Natural Resources Inc
HNRG#Hallador Energy Company
HNT#Health Net Inc.
HOFT#Hooker Furniture Corporation
HOG#Harley-Davidson, Inc.
HOLX#Hologic, Inc.
HOMB#Home BancShares, Inc.
HOME#Home Federal Bancorp, Inc.
HON#Honeywell International Inc.
HOS#Hornbeck Offshore Services
HOT#Starwood Hotels & Resorts Worldwide, Inc.
HOV#Hovnanian Enterprises Inc
HP#Helmerich & Payne, Inc.
HPE#Untitled Dataset 2015-11-03 23:01:17
HPP#Hudson Pacific Properties, Inc.
HPQ#Hewlett-Packard Company
HPT#Hospitality Properites Trust
HPTX#Hyperion Therapeutics, Inc.
HPY#Heartland Payment Systems, Inc.
HR#Healthcare Realty Trust Incorporated
HRB#H&R Block, Inc.
HRC#Hill-Rom Holdings Inc
HRG#Harbinger Group Inc
HRL#Hormel Foods Corporation
HRS#Harris Corporation
HRTG#Heritage Insurance Holdings, Inc.
HRTX#Heron Therapeutics, Inc.
HRZN#Horizon Technology Finance Corporation
HSC#Harsco Corporation
HSH#Hillshire Brands Company
HSIC#Henry Schein, Inc.
HSII#Heidrick & Struggles International, Inc.
HSNI#HSN, Inc.
HSP#Hospira Inc
HST#Host Hotels & Resorts, Inc.
HSTM#HealthStream, Inc.
HSY#Hershey Company
HT#Hersha Hospitality Trust
HTA#Healthcare Trust of America, Inc.
HTBI#HomeTrust Bancshares, Inc.
HTBK#Heritage Commerce Corp
HTCH#Hutchinson Technology Incorporated
HTCO#Hickory Tech Corporation
HTGC#Hercules Technology Growth Capital, Inc.
HTH#Hilltop Holdings Inc.
HTLD#Heartland Express, Inc.
HTLF#Heartland Financial USA, Inc.
HTS#Hatteras Financial Corp
HTWR#Heartware International, Inc.
HTZ#Hertz Global Holdings, Inc
HUB_B#Hubbell Inc
HUBG#Hub Group, Inc.
HUM#Humana Inc.
HUN#Huntsman Corporation
HURC#Hurco Companies, Inc.
HURN#Huron Consulting Group Inc.
HVB#Hudson Valley Holding Corp.
HVT#Haverty Furniture Companies, Inc.
HW#Headwaters Incorporated
HWAY#Healthways, Inc.
HWCC#Houston Wire & Cable Company
HWKN#Hawkins, Inc.
HXL#Hexcel Corporation
HY#Hyster-Yale Materials Handling, Inc.
HZNP#Horizon Pharma, Inc.
HZO#MarineMax, Inc.
I#Intelsat S.A.
IACI#IAC/InterActiveCorp
IART#Integra LifeSciences Holdings Corporation
IBCA#Intervest Bancshares Corp.
IBCP#Independent Bank Corporation
IBKC#IBERIABANK Corporation
IBKR#Interactive Brokers Group, Inc.
IBM#International Business Machines Corporation
IBOC#International Bancshares Corporation
IBP#Installed Building Products, Inc.
IBTX#Independent Bank Group, Inc
ICE#Intercontinental Exchange Inc.
ICEL#Cellular Dynamics International, Inc.
ICFI#ICF International, Inc.
ICGE#ICG Group, Inc.
ICON#Iconix Brand Group, Inc.
ICPT#Intercept Pharmaceuticals, Inc.
ICUI#ICU Medical, Inc.
IDA#IDACORP, Inc.
IDCC#InterDigital, Inc.
IDIX#Idenix Pharmaceuticals, Inc.
IDRA#Idera Pharmaceuticals, Inc.
IDT#IDT Corporation
IDTI#Integrated Device Technology, Inc.
IDXX#IDEXX Laboratories, Inc.
IEX#IDEX Corporation
IFF#Internationa Flavors & Fragrances, Inc.
IFT#Imperial Holdings, Inc.
IG#IGI Laboratories, Inc.
IGT#International Game Technology
IGTE#iGATE Corporation
IHC#Independence Holding Company
IHS#IHS Inc.
III#Information Services Group, Inc.
IIIN#Insteel Industries, Inc.
IILG#Interval Leisure Group, Inc.
IIVI#II-VI Incorporated
IL#IntraLinks Holdings, Inc.
ILMN#Illumina, Inc.
IM#Ingram Micro Inc.
IMGN#ImmunoGen, Inc.
IMI#Intermolecular, Inc.
IMKTA#Ingles Markets, Incorporated
IMMR#Immersion Corporation
IMMU#Immunomedics, Inc.
IMN#Imation Corporation
IMPV#Imperva, Inc.
INAP#Internap Network Services Corporation
INCY#Incyte Corporation
INDB#Independent Bank Corp.
INFA#Informatica Corporation
INFI#Infinity Pharmaceuticals, Inc.
INFN#Infinera Corporation
INGN#Inogen, Inc
INGR#Ingredion Incorporated
ININ#Interactive Intelligence Group, Inc.
INN#Summit Hotel Properties, Inc.
INO#Inovio Pharmaceuticals, Inc.
INSM#Insmed, Inc.
INSY#Insys Therapeutics, Inc.
INT#World Fuel Services Corporation
INTC#Intel Corporation
INTL#INTL FCStone Inc.
INTU#Intuit Inc.
INTX#Intersections, Inc.
INVN#InvenSense, Inc.
INWK#InnerWorkings, Inc.
IO#Ion Geophysical Corporation
IOSP#Innospec Inc.
IP#International Paper Company
IPAR#Inter Parfums, Inc.
IPCC#Infinity Property and Casualty Corporation
IPCM#IPC The Hospitalist Company, Inc.
IPG#Interpublic Group of Companies, Inc.
IPGP#IPG Photonics Corporation
IPHI#Inphi Corporation
IPHS#Innophos Holdings, Inc.
IPI#Intrepid Potash, Inc
IPXL#Impax Laboratories, Inc.
IQNT#Inteliquent, Inc.
IR#Ingersoll-Rand plc
IRBT#iRobot Corporation
IRC#Inland Real Estate Corporation
IRDM#Iridium Communications Inc
IRET#Investors Real Estate Trust
IRF#International Rectifier Corporation
IRG#Ignite Restaurant Group, Inc.
IRM#Iron Mountain Incorporated
IRWD#Ironwood Pharmaceuticals, Inc.
ISBC#Investors Bancorp, Inc.
ISCA#International Speedway Corporation
ISH#International Shipholding Corporation
ISIL#Intersil Corporation
ISIS#Isis Pharmaceuticals, Inc.
ISLE#Isle of Capri Casinos, Inc.
ISRG#Intuitive Surgical, Inc.
ISRL#Isramco, Inc.
ISSC#Innovative Solutions and Support, Inc.
ISSI#Integrated Silicon Solution, Inc.
IT#Gartner, Inc.
ITC#ITC Holdings Corp.
ITCI#Intra-Cellular Therapies Inc.
ITG#Investment Technology Group, Inc.
ITIC#Investors Title Company
ITMN#InterMune, Inc.
ITRI#Itron, Inc.
ITT#ITT Corporation
ITW#Illinois Tool Works Inc.
IVAC#Intevac, Inc.
IVC#Invacare Corporation
IVR#INVESCO MORTGAGE CAPITAL INC
IVZ#Invesco Plc
IXYS#IXYS Corporation
JACK#Jack In The Box Inc.
JAH#Jarden Corporation
JAKK#JAKKS Pacific, Inc.
JBHT#J.B. Hunt Transport Services, Inc.
JBL#Jabil Circuit, Inc.
JBLU#JetBlue Airways Corporation
JBSS#John B. Sanfilippo & Son, Inc.
JBT#John Bean Technologies Corporation
JCI#Johnson Controls, Inc.
JCOM#j2 Global, Inc.
JCP#J.C. Penney Company, Inc. Holding Company
JDSU#JDS Uniphase Corporation
JEC#Jacobs Engineering Group Inc.
JGW#JGWPT Holdings Inc.
JIVE#Jive Software, Inc.
JJSF#J & J Snack Foods Corp.
JKHY#Jack Henry & Associates, Inc.
JLL#Jones Lang LaSalle Incorporated
JMBA#Jamba, Inc.
JNJ#Johnson & Johnson
JNPR#Juniper Networks, Inc.
JNS#Janus Capital Group, Inc
JNY#Jones Group, Inc.
JOE#St. Joe Company
JONE#Jones Energy, Inc.
JOUT#Johnson Outdoors Inc.
JOY#Joy Global Inc.
JPM#JP Morgan Chase
JRN#Journal Communications, Inc.
JW_A#John Wiley & Sons, Inc.
JWN#Nordstrom, Inc.
K#Kellogg Company
KAI#Kadant Inc
KALU#Kaiser Aluminum Corporation
KAMN#Kaman Corporation
KAR#KAR Auction Services, Inc
KBALB#Kimball International, Inc.
KBH#KB Home
KBR#KBR, Inc.
KCG#KCG Holdings, Inc.
KCLI#Kansas City Life Insurance Company
KEG#Key Energy Services, Inc.
KELYA#Kelly Services, Inc.
KEM#Kemet Corporation
KERX#Keryx Biopharmaceuticals, Inc.
KEX#Kirby Corporation
KEY#KeyCorp
KEYW#The KEYW Holding Corporation
KFRC#Kforce, Inc.
KFX#Kofax Limited
KFY#Korn/Ferry International
KHC#The Kraft Heinz Company
KIM#Kimco Realty Corporation
KIN#Kindred Biosciences, Inc.
KIRK#Kirkland's, Inc.
KKD#Krispy Kreme Doughnuts, Inc.
KLAC#KLA-Tencor Corporation
KMB#Kimberly-Clark Corporation
KMG#KMG Chemicals, Inc.
KMI#Kinder Morgan, Inc.
KMPR#Kemper Corporation
KMT#Kennametal Inc.
KMX#CarMax Inc
KND#Kindred Healthcare, Inc.
KNL#Knoll, Inc.
KNX#Knight Transportation, Inc.
KO#Coca-Cola Company
KODK#Eastman Kodak Company
KOG#Kodiak Oil & Gas Corp.
KOP#Koppers Holdings Inc.
KOPN#Kopin Corporation
KORS#Michael Kors Holdings Limited
KOS#Kosmos Energy Ltd.
KPTI#Karyopharm Therapeutics Inc.
KR#Kroger Company
KRA#Kraton Performance Polymers, Inc
KRC#Kilroy Realty Corporation
KRFT#Kraft Foods Group, Inc.
KRG#Kite Realty Group Trust
KRNY#Kearny Financial
KRO#Kronos Worldwide Inc
KS#KapStone Paper and Packaging Corporation
KSS#Kohl's Corporation
KSU#Kansas City Southern
KTOS#Kratos Defense & Security Solutions, Inc.
KTWO#K2M Group Holdings, Inc.
KVHI#KVH Industries, Inc.
KW#Kennedy-Wilson Holdings Inc.
KWK#Quicksilver Resources Inc.
KWR#Quaker Chemical Corporation
KYTH#Kythera Biopharmaceuticals, Inc.
L#Loews Corporation
LABL#Multi-Color Corporation
LAD#Lithia Motors, Inc.
LADR#Ladder Capital Corp
LAMR#Lamar Advertising Company
LANC#Lancaster Colony Corporation
LAYN#Layne Christensen Company
LAZ#Lazard Ltd.
LB#L Brands, Inc.
LBAI#Lakeland Bancorp, Inc.
LBMH#Liberator Medical Holdings, Inc.
LBTYA#Liberty Global plc
LBY#Libbey, Inc.
LCI#Lannett Co Inc
LCNB#LCNB Corporation
LCUT#Lifetime Brands, Inc.
LDL#Lydall, Inc.
LDOS#Leidos Holdings, Inc.
LDR#Landauer, Inc.
LDRH#LDR Holding Corporation
LE#Lands' End, Inc.
LEA#Lear Corporation
LEAF#Springleaf Holdings, Inc.
LECO#Lincoln Electric Holdings, Inc.
LEE#Lee Enterprises, Incorporated
LEG#Leggett & Platt, Incorporated
LEN#Lennar Corporation
LF#Leapfrog Enterprises Inc
LFUS#Littelfuse, Inc.
LFVN#Lifevantage Corporation
LG#Laclede Group, Inc.
LGF#Lions Gate Entertainment Corporation
LGIH#LGI Homes, Inc.
LGND#Ligand Pharmaceuticals Incorporated
LH#Laboratory Corporation of America Holdings
LHCG#LHC Group
LHO#LaSalle Hotel Properties
LIFE#Life Technologies
LII#Lennox International, Inc.
LINC#Lincoln Educational Services Corporation
LINTA#Liberty Interactive Corporation
LION#Fidelity Southern Corporation
LIOX#Lionbridge Technologies, Inc.
LKFN#Lakeland Financial Corporation
LKQ#LKQ Corporation
LL#Lumber Liquidators Holdings, Inc
LLEN#L&L Energy, Inc.
LLL#L-3 Communications Holdings, Inc.
LLNW#Limelight Networks, Inc.
LLTC#Linear Technology Corporation
LLY#Eli Lilly and Company
LM#Legg Mason, Inc.
LMCA#Liberty Media Corporation
LMIA#LMI Aerospace, Inc.
LMNR#Limoneira Co
LMNX#Luminex Corporation
LMOS#Lumos Networks Corp.
LMT#Lockheed Martin Corporation
LNC#Lincoln National Corporation
LNCE#Snyder's-Lance, Inc.
LNDC#Landec Corporation
LNG#Cheniere Energy, Inc.
LNKD#LinkedIn Corporation
LNN#Lindsay Corporation
LNT#Alliant Energy Corporation
LO#Lorillard, Inc
LOCK#LifeLock, Inc.
LOGM#LogMein, Inc.
LOPE#Grand Canyon Education, Inc.
LORL#Loral Space and Communications, Inc.
LOV#Spark Networks, Inc.
LOW#Lowe's Companies, Inc.
LPG#Dorian LPG Ltd.
LPI#Laredo Petroleum, Inc.
LPLA#LPL Financial Holdings Inc.
LPNT#LifePoint Hospitals, Inc.
LPSN#LivePerson, Inc.
LPX#Louisiana-Pacific Corporation
LQ#La Quinta Holdings Inc.
LQDT#Liquidity Services, Inc.
LRCX#Lam Research Corporation
LRN#K12 Inc
LSCC#Lattice Semiconductor Corporation
LSI#LSI Corporation
LSTR#Landstar System, Inc.
LTC#LTC Properties, Inc.
LTM#Life Time Fitness
LTS#Ladenburg Thalmann Financial Services Inc
LTXC#LTX-Credence Corporation
LUB#Luby's, Inc.
LUK#Leucadia National Corporation
LUV#Southwest Airlines Company
LVLT#Level 3 Communications, Inc.
LVNTA#Liberty Interactive Corporation
LVS#Las Vegas Sands Corp.
LWAY#Lifeway Foods, Inc.
LXFT#Luxoft Holding, Inc.
LXK#Lexmark International, Inc.
LXP#Lexington Realty Trust
LXRX#Lexicon Pharmaceuticals, Inc.
LXU#Lsb Industries Inc.
LYB#LyondellBasell Industries NV
LYTS#LSI Industries Inc.
LYV#Live Nation Entertainment, Inc.
LZB#La-Z-Boy Incorporated
M#Macy's Inc
MA#Mastercard Incorporated
MAC#Macerich Company
MACK#Merrimack Pharmaceuticals, Inc.
MAIN#Main Street Capital Corporation
MAN#ManpowerGroup
MANH#Manhattan Associates, Inc.
MANT#ManTech International Corporation
MAR#Marriott International
MAS#Masco Corporation
MASI#Masimo Corporation
MAT#Mattel, Inc.
MATW#Matthews International Corporation
MATX#Matson, Inc.
MBFI#MB Financial Inc.
MBI#MBIA, Inc.
MBII#Marrone Bio Innovations, Inc.
MBRG#Middleburg Financial Corporation
MBUU#Malibu Boats, Inc.
MBVT#Merchants Bancshares, Inc.
MBWM#Mercantile Bank Corporation
MC#Moelis & Company
MCBC#Macatawa Bank Corporation
MCC#Medley Capital Corporation
MCD#McDonald's Corporation
MCF#Contango Oil & Gas Company
MCGC#MCG Capital Corporation
MCHP#Microchip Technology Incorporated
MCHX#Marchex, Inc.
MCK#McKesson Corporation
MCO#Moody's Corporation
MCP#Molycorp, Inc
MCRI#Monarch Casino & Resort, Inc.
MCRL#Micrel, Incorporated
MCRS#MICROS Systems, Inc.
MCS#Marcus Corporation
MCY#Mercury General Corporation
MD#Mednax, Inc
MDAS#MedAssets, Inc.
MDC#M.D.C. Holdings, Inc.
MDCA#MDC Partners Inc.
MDCI#Medical Action Industries Inc.
MDCO#The Medicines Company
MDLZ#Mondelez International, Inc.
MDP#Meredith Corporation
MDR#McDermott International, Inc.
MDRX#Allscripts Healthcare Solutions, Inc.
MDSO#Medidata Solutions, Inc.
MDT#Medtronic, Inc.
MDU#MDU Resources Group, Inc.
MDVN#Medivation, Inc.
MDW#Midway Gold Corporation
MDXG#MiMedx Group, Inc
MEAS#Measurement Specialties, Inc.
MED#MEDIFAST INC
MEG#Media General, Inc.
MEI#Methode Electronics, Inc.
MEIP#MEI Pharma, Inc.
MENT#Mentor Graphics Corporation
MET#MetLife, Inc.
METR#Metro Bancorp, Inc
MFA#MFA Financial, Inc.
MFLX#Multi-Fineline Electronix, Inc.
MFRM#Mattress Firm Holding Corp.
MG#Mistras Group Inc
MGAM#Multimedia Games Holding Company, Inc.
MGEE#MGE Energy Inc.
MGI#Moneygram International, Inc.
MGLN#Magellan Health Services, Inc.
MGM#MGM Resorts International
MGNX#MacroGenics, Inc.
MGRC#McGrath RentCorp
MHFI#McGraw Hill Financial, Inc.
MHGC#Morgans Hotel Group Co.
MHK#Mohawk Industries, Inc.
MHLD#Maiden Holdings, Ltd.
MHO#M/I Homes, Inc.
MHR#Magnum Hunter Resources Corporation
MIDD#The Middleby Corporation
MIG#Meadowbrook Insurance Group, Inc.
MIL#MFC Industrial Ltd.
MILL#Miller Energy Resources, Inc.
MIND#Mitcham Industries, Inc.
MINI#Mobile Mini, Inc.
MITK#Mitek Systems, Inc.
MITT#AG Mortgage Investment Trust, Inc.
MJN#Mead Johnson Nutrition Company
MKC#McCormick & Company, Incorporated
MKL#Markel Corporation
MKSI#MKS Instruments, Inc.
MKTO#Marketo, Inc.
MKTX#MarketAxess Holdings, Inc.
MLAB#Mesa Laboratories, Inc.
MLHR#Herman Miller, Inc.
MLI#Mueller Industries, Inc.
MLM#Martin Marietta Materials, Inc.
MLNK#ModusLink Global Solutions, Inc
MLR#Miller Industries, Inc.
MM#Millennial Media, Inc.
MMC#Marsh & McLennan Companies, Inc.
MMI#Marcus &amp; Millichap, Inc.
MMM#3M Company
MMS#Maximus, Inc.
MMSI#Merit Medical Systems, Inc.
MN#Manning & Napier, Inc.
MNI#McClatchy Company
MNK#Mallinckrodt plc
MNKD#MannKind Corporation
MNR#Monmouth Real Estate Investment Corporation
MNRO#Monro Muffler Brake, Inc.
MNST#Monster Beverage Corporation
MNTA#Momenta Pharmaceuticals, Inc.
MNTX#Manitex International, Inc.
MO#Altria Group
MOD#Modine Manufacturing Company
MODN#Model N, Inc.
MOFG#MidWestOne Financial Group, Inc.
MOG_A#Moog Inc.
MOH#Molina Healthcare Inc
MON#Monsanto Company
MORN#Morningstar, Inc.
MOS#Mosaic Company
MOSY#MoSys, Inc.
MOV#Movado Group Inc.
MOVE#Move, Inc.
MPAA#Motorcar Parts of America, Inc.
MPC#Marathon Petroleum Corporation
MPO#Midstates Petroleum Company, Inc.
MPW#Medical Properties Trust, Inc.
MPWR#Monolithic Power Systems, Inc.
MPX#Marine Products Corporation
MRC#MRC Global Inc.
MRCY#Mercury Systems Inc
MRGE#Merge Healthcare Incorporated.
MRH#Montpelier Re Holdings Ltd.
MRIN#Marin Software Incorporated
MRK#Merck & Company, Inc.
MRLN#Marlin Business Services Corp.
MRO#Marathon Oil Corporation
MRTN#Marten Transport, Ltd.
MRTX#Mirati Therapeutics, Inc.
MRVL#Marvell Technology Group Ltd.
MS#Morgan Stanley
MSA#MSA Safety Incorporporated
MSCC#Microsemi Corporation
MSCI#MSCI Inc
MSEX#Middlesex Water Company
MSFG#MainSource Financial Group, Inc.
MSFT#Microsoft Corporation
MSG#The Madison Square Garden Company
MSI#Motorola Solutions, Inc.
MSL#MidSouth Bancorp
MSM#MSC Industrial Direct Company, Inc.
MSO#Martha Stewart Living Omnimedia, Inc.
MSTR#MicroStrategy Incorporated
MTB#M&T Bank Corporation
MTD#Mettler-Toledo International, Inc.
MTDR#Matador Resources Company
MTG#MGIC Investment Corporation
MTGE#American Capital Mortgage Investment Corp.
MTH#Meritage Corporation
MTN#Vail Resorts, Inc.
MTOR#Meritor, Inc.
MTRN#Materion Corporation
MTRX#Matrix Service Company
MTSC#MTS Systems Corporation
MTSI#M/A-COM Technology Solutions Holdings, Inc.
MTW#Manitowoc Company, Inc.
MTX#Minerals Technologies Inc.
MTZ#MasTec, Inc.
MU#Micron Technology, Inc.
MUR#Murphy Oil Corporation
MUSA#Murphy USA Inc.
MVC#MVC Capital, Inc.
MVNR#Mavenir Systems, Inc.
MW#Men's Wearhouse, Inc.
MWA#MUELLER WATER PRODUCTS
MWIV#MWI Veterinary Supply, Inc.
MWV#Meadwestvaco Corporation
MWW#Monster Worldwide, Inc.
MXIM#Maxim Integrated Products, Inc.
MXL#MaxLinear, Inc
MXWL#Maxwell Technologies, Inc.
MYCC#ClubCorp Holdings, Inc.
MYE#Myers Industries, Inc.
MYGN#Myriad Genetics, Inc.
MYL#Mylan Inc.
MYRG#MYR Group, Inc.
N#Netsuite Inc
NADL#North Atlantic Drilling Ltd.
NANO#Nanometrics Incorporated
NASB#NASB Financial Inc.
NAT#Nordic American Tankers Limited
NATH#Nathan's Famous, Inc.
NATI#National Instruments Corporation
NATL#National Interstate Corporation
NATR#Nature's Sunshine Products, Inc.
NAV#Navistar International Corporation
NAVB#Navidea Biopharmaceuticals, Inc.
NAVG#The Navigators Group, Inc.
NAVI#Navient Corporation
NBBC#NewBridge Bancorp
NBCB#First NBC Bank Holding Company
NBHC#National Bank Holdings Corporation
NBIX#Neurocrine Biosciences, Inc.
NBL#Noble Energy Inc.
NBR#Nabors Industries Ltd.
NBS#Neostem, Inc.
NBTB#NBT Bancorp Inc.
NC#NACCO Industries, Inc.
NCFT#Norcraft Companies, Inc.
NCI#Navigant Consulting, Inc.
NCLH#Norwegian Cruise Line Holdings Ltd.
NCMI#National CineMedia, Inc.
NCR#NCR Corporation
NCS#NCI Building Systems, Inc.
NDAQ#The NASDAQ OMX Group, Inc.
NDLS#Noodles &amp; Company
NDSN#Nordson Corporation
NE#Noble Corporation
NEE#NextEra Energy, Inc.
NEM#Newmont Mining Corporation
NEO#NeoGenomics, Inc.
NEOG#Neogen Corporation
NEON#Neonode Inc.
NES#Nuverra Environmental Solutions, Inc.
NETE#Net Element, Inc.
NEU#NewMarket Corporation
NEWM#New Media Investment Group Inc.
NEWP#Newport Corporation
NEWS#NewStar Financial, Inc.
NFBK#Northfield Bancorp, Inc.
NFG#National Fuel Gas Company
NFLX#Netflix, Inc.
NFX#Newfield Exploration Company
NGHC#National General Holdings Corp
NGPC#NGP Capital Resources Company
NGS#Natural Gas Services Group, Inc.
NGVC#Natural Grocers by Vitamin Cottage, Inc.
NHC#National HealthCare Corporation
NHI#National Health Investors, Inc.
NI#NiSource, Inc
NICK#Nicholas Financial, Inc.
NIHD#NII Holdings, Inc.
NILE#Blue Nile, Inc.
NJR#NewJersey Resources Corporation
NKE#Nike, Inc.
NKSH#National Bankshares, Inc.
NKTR#Nektar Therapeutics
NL#NL Industries, Inc.
NLNK#NewLink Genetics Corporation
NLS#Nautilus Group, Inc.
NLSN#Nielsen N.V.
NLY#Annaly Capital Management Inc
NM#Navios Maritime Holdings Inc.
NMBL#Nimble Storage, Inc.
NMFC#New Mountain Finance Corporation
NMIH#NMI Holdings Inc
NMRX#Numerex Corp.
NNA#Navios Maritime Acquisition Corporation
NNBR#NN, Inc.
NNI#Nelnet, Inc.
NNVC#NanoViricides, Inc.
NOC#Northrop Grumman Corporation
NOG#Northern Oil and Gas, Inc.
NOR#Noranda Aluminum Holding Corporation
NOV#National Oilwell Varco, Inc.
NOW#ServiceNow, Inc.
NP#Neenah Paper, Inc.
NPBC#National Penn Bancshares, Inc.
NPK#National Presto Industries, Inc.
NPO#Enpro Industries
NPSP#NPS Pharmaceuticals, Inc.
NPTN#NeoPhotonics Corporation
NR#Newpark Resources, Inc.
NRCIA#National Research Corporation
NRG#NRG Energy, Inc.
NRIM#Northrim BanCorp Inc
NRZ#New Residential Investment Corp.
NSC#Norfolk Souther Corporation
NSIT#Insight Enterprises, Inc.
NSM#Nationstar Mortgage Holdings Inc.
NSP#Insperity, Inc.
NSPH#Nanosphere, Inc.
NSR#Neustar, Inc.
NSTG#NanoString Technologies, Inc.
NTAP#NetApp, Inc.
NTCT#NetScout Systems, Inc.
NTGR#NETGEAR, Inc.
NTK#Nortek Inc.
NTLS#NTELOS Holdings Corp.
NTRI#NutriSystem Inc
NTRS#Northern Trust Corporation
NU#Northeast Utilities
NUAN#Nuance Communications, Inc.
NUE#Nucor Corporation
NUS#Nu Skin Enterprises, Inc.
NUTR#Nutraceutical International Corporation
NUVA#NuVasive, Inc.
NVAX#Novavax, Inc.
NVDA#NVIDIA Corporation
NVEC#NVE Corporation
NVR#NVR, Inc.
NWBI#Northwest Bancshares, Inc.
NWBO#Northwest Biotherapeutics, Inc.
NWE#NorthWestern Corporation
NWHM#New Home Company Inc.
NWL#Newell Rubbermaid Inc.
NWLI#National Western Life Insurance Company
NWN#Northwest Natural Gas Company
NWPX#Northwest Pipe Company
NWS# 
NWSA#News Corporation
NWY#New York & Company, Inc.
NX#Quanex Building Products Corporation
NXST#Nexstar Broadcasting Group, Inc.
NXTM#NxStage Medical, Inc.
NYCB#New York Community Bancorp, Inc.
NYLD#NRG Yield, Inc.
NYMT#New York Mortgage Trust, Inc.
NYNY#Empire Resorts, Inc.
NYRT#New York REIT, Inc.
NYT#New York Times Company
O#Realty Income Corporation
OABC#OmniAmerican Bancorp, Inc.
OAS#Oasis Petroleum Inc.
OB#OneBeacon Insurance Group, Ltd.
OC#Owens Corning Inc
OCFC#OceanFirst Financial Corp.
OCLR#Oclaro, Inc.
OCN#Ocwen Financial Corporation
OCR#Omnicare, Inc.
ODC#Oil-Dri Corporation Of America
ODFL#Old Dominion Freight Line, Inc.
ODP#Office Depot, Inc.
OEH#Orient-Express Hotels Ltd.
OFC#Corporate Office Properties Trust
OFG#OFG Bancorp
OFIX#Orthofix International N.V.
OFLX#Omega Flex, Inc.
OGE#OGE Energy Corporation
OGS#ONE Gas, Inc.
OGXI#OncoGenex Pharmaceuticals Inc.
OHI#Omega Healthcare Investors, Inc.
OHRP#Ohr Pharmaceuticals, Inc.
OI#Owens-Illinois, Inc.
OII#Oceaneering International, Inc.
OIS#Oil States International, Inc.
OKE#ONEOK, Inc.
OKSB#Southwest Bancorp, Inc.
OLBK#Old Line Bancshares, Inc.
OLED#Universal Display Corporation
OLN#Olin Corporation
OLP#One Liberty Properties, Inc.
OMC#Omnicom Group Inc.
OMCL#Omnicell, Inc.
OME#Omega Protein Corporation
OMED#OncoMed Pharmaceuticals, Inc.
OMER#Omeros Corporation
OMEX#Odyssey Marine Exploration, Inc.
OMG#OM Group, Inc.
OMI#Owens & Minor, Inc.
OMN#OMNOVA Solutions Inc.
ONB#Old National Bancorp
ONE#Higher One Holdings, Inc.
ONNN#ON Semiconductor Corporation
ONTY#Oncothyreon Inc.
ONVO#Organovo Holdings, Inc.
OPB#Opus Bank
OPEN#OpenTable, Inc.
OPHT#Ophthotech Corporation
OPK#Opko Health Inc
OPLK#Oplink Communications, Inc.
OPWR#Opower, Inc.
OPY#Oppenheimer Holdings, Inc.
ORA#Ormat Technologies, Inc.
ORB#Orbital Sciences Corporation
ORBC#ORBCOMM Inc.
ORCL#Oracle Corporation
OREX#Orexigen Therapeutics, Inc.
ORI#Old Republic International Corporation
ORIT#Oritani Financial Corp.
ORLY#O'Reilly Automotive, Inc.
ORM#Owens Realty Mortgage, Inc.
ORN#Orion Marine Group Inc
OSIR#Osiris Therapeutics, Inc.
OSIS#OSI Systems, Inc.
OSK#Oshkosh Corporation
OSTK#Overstock.com, Inc.
OSUR#OraSure Technologies, Inc.
OTTR#Otter Tail Corporation
OUTR#Outerwall Inc.
OVAS#Ovascience Inc.
OVTI#OmniVision Technologies, Inc.
OWW#Orbitz Worldwide, Inc.
OXFD#Oxford Immunotec Global PLC
OXM#Oxford Industries, Inc.
OXY#Occidental Petroleum Corporation
OZRK#Bank of the Ozarks
P#Pandora Media, Inc.
PACB#Pacific Biosciences of California, Inc.
PACR#Pacer International, Inc.
PACW#PacWest Bancorp
PAG#Penske Automotive Group, Inc.
PAHC#Phibro Animal Health Corporation
PANW#Palo Alto Networks, Inc.
PATK#Patrick Industries, Inc.
PATR#Patriot Transportation Holding, Inc.
PAY#Verifone Systems, Inc.
PAYC#Paycom Software, Inc.
PAYX#Paychex, Inc.
PB#Prosperity Bancshares, Inc.
PBCT#People's United Financial, Inc.
PBF#PBF Energy Inc.
PBH#Prestige Brand Holdings, Inc.
PBI#Pitney Bowes Inc.
PBPB#Potbelly Corporation
PBY#Pep Boys-Manny, Moe & Jack
PBYI#Puma Biotechnology Inc
PCAR#PACCAR Inc.
PCBK#Pacific Continental Corporation
PCCC#PC Connection, Inc.
PCG#Pacific Gas & Electric Co.
PCH#Potlatch Corporation
PCL#Plum Creek Timber Company, Inc.
PCLN#The Priceline Group Inc.
PCO#Pendrell Corporation
PCP#Precision Castparts Corporation
PCRX#Pacira Pharmaceuticals, Inc.
PCTI#PC-Tel, Inc.
PCTY#Paylocity Holding Corporation
PCYC#Pharmacyclics, Inc.
PCYG#Park City Group, Inc.
PCYO#Pure Cycle Corporation
PDCE#PDC Energy, Inc.
PDCO#Patterson Companies, Inc.
PDFS#PDF Solutions, Inc.
PDLI#PDL BioPharma, Inc.
PDM#Piedmont Office Realty Trust, Inc.
PE#Parsley Energy, Inc.
PEB#Pebblebrook Hotel Trust
PEBO#Peoples Bancorp Inc.
PEG#Public Service Enterprise Group Incorporated
PEGA#Pegasystems Inc.
PEGI#Pattern Energy Group Inc.
PEI#Pennsylvania Real Estate Investment Trust
PEIX#Pacific Ethanol, Inc.
PENN#Penn National Gaming, Inc.
PENX#Penford Corporation
PEP#Pepsico, Inc.
PERI#Perion Network Ltd
PERY#Perry Ellis International Inc.
PES#Pioneer Energy Services Corp.
PETM#PetSmart, Inc
PETS#PetMed Express, Inc.
PETX#Aratana Therapeutics, Inc.
PF#Pinnacle Foods, Inc.
PFBC#Preferred Bank
PFE#Pfizer, Inc.
PFG#Principal Financial Group Inc
PFIE#Profire Energy, Inc.
PFIS#Peoples Financial Services Corporation
PFLT#PennantPark Floating Rate Capital Ltd.
PFMT#Performant Financial Corporation
PFPT#Proofpoint, Inc.
PFS#Provident Financial Services, Inc
PFSI#PennyMac Financial Services, Inc.
PG#Procter & Gamble Company
PGC#Peapack-Gladstone Financial Corporation
PGEM#Ply Gem Holdings, Inc.
PGI#Premiere Global Services, Inc.
PGNX#Progenics Pharmaceuticals Inc.
PGR#Progressive Corporation
PGTI#PGT, Inc.
PH#Parker-Hannifin Corporation
PHH#PHH Corp
PHIIK#PHI, Inc.
PHM#PulteGroup, Inc.
PHMD#PhotoMedex, Inc.
PHX#Panhandle Royalty Company
PICO#PICO Holdings Inc.
PII#Polaris Industries Inc.
PIKE#Pike Corporation
PIR#Pier 1 Imports, Inc.
PJC#Piper Jaffray Companies
PKD#Parker Drilling Company
PKE#Park Electrochemical Corporation
PKG#Packaging Corporation of America
PKI#PerkinElmer, Inc.
PKOH#Park-Ohio Holdings Corp.
PKT#Procera Networks, Inc.
PKY#Parkway Properties, Inc.
PL#Protective Life Corporation
PLAB#Photronics, Inc.
PLCE#The Children's Place Retail Stores, Inc.
PLCM#Polycom, Inc.
PLD#ProLogis, Inc.
PLKI#Popeyes Louisiana Kitchen, Inc.
PLL#Pall Corporation
PLMT#Palmetto Bancshares, Inc.
PLOW#Douglas Dynamics, Inc.
PLPC#Preformed Line Products Company
PLPM#Planet Payment, Inc.
PLT#Plantronics, Inc.
PLUG#Plug Power, Inc.
PLUS#ePlus inc.
PLXS#Plexus Corp.
PLXT#PLX Technology, Inc.
PM#Philip Morris International Inc
PMC#Pharmerica Corporation
PMCS#PMC - Sierra, Inc.
PMFG#PMFG, Inc.
PMT#PennyMac Mortgage Investment Trust
PNC#PNC Financial Services Group, Inc.
PNFP#Pinnacle Financial Partners, Inc.
PNK#Pinnacle Entertainment, Inc.
PNM#PNM Resources, Inc.
PNNT#PennantPark Investment Corporation
PNR#Pentair plc.
PNRA#Panera Bread Company
PNW#Pinnacle West Capital Corporation
PNX#Phoenix Companies, Inc.
PNY#Piedmont Natural Gas Company, Inc.
PODD#Insulet Corporation
POL#PolyOne Corporation
POM#PEPCO Holdings, Inc.
POOL#Pool Corporation
POR#Portland General Electric Company
POST#Post Holdings, Inc.
POWI#Power Integrations, Inc.
POWL#Powell Industries, Inc.
POWR#PowerSecure International, Inc
POZN#Pozen, Inc.
PPBI#Pacific Premier Bancorp Inc
PPC#Pilgrim's Pride Corporation
PPG#PPG Industries, Inc.
PPHM#Peregrine Pharmaceuticals Inc.
PPL#PPL Corporation
PPO#Polypore International Inc
PPS#Post Properties, Inc.
PQ#Petroquest Energy Inc
PRA#ProAssurance Corporation
PRAA#Portfolio Recovery Associates, Inc.
PRE#PartnerRe Ltd.
PRFT#Perficient, Inc.
PRGO#Perrigo Company
PRGS#Progress Software Corporation
PRGX#PRGX Global, Inc.
PRI#Primerica, Inc.
PRIM#Primoris Services Corporation
PRK#Park National Corporation
PRKR#ParkerVision, Inc.
PRLB#Proto Labs, Inc.
PRO#PROS Holdings, Inc.
PROV#Provident Financial Holdings, Inc.
PRSC#The Providence Service Corporation
PRTA#Prothena Corporation plc
PRU#Prudential Financial, Inc.
PRXL#PAREXEL International Corporation
PSA#Public Storage
PSB#PS Business Parks, Inc.
PSEC#Prospect Capital Corporation
PSEM#Pericom Semiconductor Corporation
PSIX#Power Solutions International, Inc.
PSMI#Peregrine Semiconductor Corp.
PSMT#PriceSmart, Inc.
PSTB#Park Sterling Corporation
PSUN#Pacific Sunwear of California, Inc.
PSX#Phillips 66
PTCT#PTC Therapeutics, Inc.
PTEN#Patterson-UTI Energy, Inc.
PTGI#PTGi Holding, Inc
PTIE#Pain Therapeutics
PTLA#Portola Pharmaceuticals, Inc.
PTP#Platinum Underwriters Holdings, Ltd
PTRY#The Pantry, Inc.
PTSI#P.A.M. Transportation Services, Inc.
PTX#Pernix Therapeutics Holdings, Inc.
PVA#Penn Virginia Corporation
PVH#PVH Corp.
PVTB#PrivateBancorp, Inc.
PWOD#Penns Woods Bancorp, Inc.
PWR#Quanta Services, Inc.
PX#Praxair, Inc.
PXD#Pioneer Natural Resources Company
PYPL#PayPal Holdings, Inc.
PZG#Paramount Gold and Silver Corp.
PZN#Pzena Investment Management Inc
PZZA#Papa John'S International, Inc.
Q#Quintiles Transitional Holdings Inc.
QADA#QAD Inc.
QCOM#QUALCOMM Incorporated
QCOR#Questcor Pharmaceuticals, Inc.
QDEL#Quidel Corporation
QEP#QEP Resources, Inc.
QGEN#Qiagen N.V.
QLGC#QLogic Corporation
QLIK#Qlik Technologies Inc.
QLTY#Quality Distribution, Inc.
QLYS#Qualys, Inc.
QNST#QuinStreet, Inc.
QRHC#Quest Resource Holding Corporation.
QRVO#Qorvo, Inc.
QSII#Quality Systems, Inc.
QTM#Quantum Corporation
QTS#QTS Realty Trust, Inc.
QTWO#Q2 Holdings, Inc.
QUAD#Quad Graphics, Inc
QUIK#QuickLogic Corporation
R#Ryder System, Inc.
RAD#Rite Aid Corporation
RAI#Reynolds American Inc
RAIL#Freightcar America, Inc.
RALY#Rally Software Development Corp.
RARE#Ultragenyx Pharmaceutical Inc.
RAS#RAIT Financial Trust
RATE#Bankrate, Inc.
RAVN#Raven Industries, Inc.
RAX#Rackspace Hosting, Inc
RBC#Regal Beloit Corporation
RBCAA#Republic Bancorp, Inc.
RBCN#Rubicon Technology, Inc.
RCAP#RCS CAPITAL CORPORATION
RCII#Rent-A-Center Inc.
RCKB#Rockville Financial, Inc.
RCL#Royal Caribbean Cruises Ltd.
RCPT#Receptos, Inc.
RDC#Rowan Companies plc
RDEN#Elizabeth Arden, Inc.
RDI#Reading International Inc
RDN#Radian Group Inc.
RDNT#RadNet, Inc.
RE#Everest Re Group, Ltd.
RECN#Resources Connection, Inc.
REG#Regency Centers Corporation
REGI#Renewable Energy Group, Inc.
REGN#Regeneron Pharmaceuticals, Inc.
REI#Ring Energy, Inc.
REIS#Reis, Inc
RELL#Richardson Electronics, Ltd.
REMY#Remy International, Inc.
REN#Resolute Energy Corporation
RENT#Rentrak Corporation
RES#RPC, Inc.
RESI#Altisource Residential Corporation
REV#Revlon, Inc.
REX#REX American Resources Corporation
REXI#Resource America, Inc.
REXR#Rexford Industrial Realty, Inc.
REXX#Rex Energy Corporation
RF#Regions Financial Corporation
RFMD#RF Micro Devices, Inc.
RFP#Resolute Forest Products Inc.
RGA#Reinsurance Group of America, Incorporated
RGC#Regal Entertainment Group
RGDO#Regado BioSciences, Inc.
RGEN#Repligen Corporation
RGLD#Royal Gold, Inc.
RGLS#Regulus Therapeutics Inc.
RGR#Sturm, Ruger & Company, Inc.
RGS#Regis Corporation
RH#Restoration Hardware Holdings Inc.
RHI#Robert Half International Inc.
RHP#Ryman Hospitality Properties, Inc.
RHT#Red Hat, Inc.
RIG#Transocean Ltd.
RIGL#Rigel Pharmaceuticals, Inc.
RJET#Republic Airways Holdings, Inc.
RJF#Raymond James Financial, Inc.
RKT#Rock-Tenn Company
RKUS#Ruckus Wireless, Inc.
RL#Ralph Lauren Corporation
RLD#RealD Inc
RLGY#Realogy Holdings Corp.
RLI#RLI Corp.
RLJ#RLJ Lodging Trust
RLOC#ReachLocal, Inc.
RLYP#Relypsa, Inc.
RM#Regional Management Corp.
RMAX#RE/MAX Holdings, Inc.
RMBS#Rambus, Inc.
RMD#ResMed Inc.
RMTI#Rockwell Medical, Inc.
RNDY#Roundy's, Inc.
RNET#RigNet, Inc.
RNG#Ringcentral, Inc.
RNR#RenaissanceRe Holdings Ltd.
RNST#Renasant Corporation
RNWK#RealNetworks, Inc.
ROC#Rockwood Holdings, Inc.
ROCK#Gibraltar Industries, Inc.
ROG#Rogers Corporation
ROIAK#Radio One, Inc.
ROIC#Retail Opportunity Investments Corp.
ROK#Rockwell Automation, Inc.
ROL#Rollins, Inc.
ROLL#RBC Bearings Incorporated
ROP#Roper Industries, Inc.
ROSE#Rosetta Resources Inc.
ROST#Ross Stores, Inc.
ROVI#Rovi Corporation
RP#RealPage, Inc.
RPAI#Retail Properties of America, Inc.
RPM#RPM International Inc.
RPRX#Repros Therapeutics Inc.
RPT#Ramco-Gershenson Properties Trust
RPTP#Raptor Pharmaceutical Corp.
RPXC#RPX Corporation
RRC#Range Resources Corporation
RRD#R.R. Donnelley & Sons Company
RRGB#Red Robin Gourmet Burgers, Inc.
RRTS#Roadrunner Transportation Systems, Inc
RS#Reliance Steel & Aluminum Co.
RSE#Rouse Properties, Inc.
RSG#Republic Services, Inc.
RSH#Radioshack Corporation
RSO#Resource Capital Corp.
RSPP#RSP Permian, Inc.
RST#Rosetta Stone
RSTI#Rofin-Sinar Technologies, Inc.
RSYS#RadiSys Corporation
RT#Ruby Tuesday, Inc.
RTEC#Rudolph Technologies, Inc.
RTI#RTI International Metals, Inc.
RTIX#RTI Surgical, Inc.
RTK#Rentech, Inc.
RTN#Raytheon Company
RTRX#Retrophin, Inc.
RUBI#The Rubicon Project, Inc.
RUSHA#Rush Enterprises, Inc.
RUTH#Ruth's Hospitality Group, Inc.
RVBD#Riverbed Technology, Inc.
RVLT#Revolution Lighting Technologies, Inc.
RVNC#Revance Therapeutics, Inc.
RWT#Redwood Trust, Inc.
RXN#Rexnord Corporation
RYL#Ryland Group, Inc.
RYN#Rayonier Inc.
S#Sprint Corporation
SAAS#inContact, Inc.
SAFM#Sanderson Farms, Inc.
SAFT#Safety Insurance Group, Inc.
SAH#Sonic Automotive, Inc.
SAIA#Saia, Inc.
SAIC#SCIENCE APPLICATIONS INTERNATIONAL CORPORATION
SALE#RetailMeNot, Inc.
SALM#Salem Communications Corporation
SALT#Scorpio Bulkers Inc.
SAM#Boston Beer Company, Inc.
SAMG#Silvercrest Asset Management Group Inc.
SANM#Sanmina Corporation
SAPE#Sapient Corporation
SASR#Sandy Spring Bancorp, Inc.
SATS#EchoStar Corporation
SAVE#Spirit Airlines, Inc.
SB#Safe Bulkers, Inc
SBAC#SBA Communications Corporation
SBCF#Seacoast Banking Corporation of Florida
SBGI#Sinclair Broadcast Group, Inc.
SBH#Sally Beauty Holdings, Inc.
SBNY#Signature Bank
SBRA#Sabra Healthcare REIT, Inc.
SBSI#Southside Bancshares, Inc.
SBUX#Starbucks Corporation
SBY#Silver Bay Realty Trust Corp.
SCAI#Surgical Care Affiliates, Inc.
SCBT#First Financial Holdings, Inc.
SCCO#Southern Copper Corporation
SCG#Scana Corporation
SCHL#Scholastic Corporation
SCHN#Schnitzer Steel Industries, Inc.
SCHW#The Charles Schwab Corporation
SCI#Service Corporation International
SCL#Stepan Company
SCLN#SciClone Pharmaceuticals, Inc.
SCM#Stellus Capital Investment Corporation
SCMP#Sucampo Pharmaceuticals, Inc.
SCOR#comScore, Inc.
SCS#Steelcase Inc.
SCSC#ScanSource, Inc.
SCSS#Select Comfort Corporation
SCTY#SolarCity Corporation
SCVL#Shoe Carnival, Inc.
SD#Sandridge Energy Inc.
SDRL#Seadrill Limited
SE#Spectra Energy Corp
SEAC#SeaChange International, Inc.
SEAS#SeaWorld Entertainment, Inc.
SEB#Seaboard Corporation
SEE#Sealed Air Corporation
SEIC#SEI Investments Company
SEM#Select Medical Holdings Corporation
SEMG#Semgroup Corporation
SENEA#Seneca Foods Corp.
SF#Stifel Financial Corporation
SFBS#ServisFirst Bancshares, Inc.
SFE#Safeguard Scientifics, Inc.
SFG#StanCorp Financial Group, Inc.
SFL#Ship Finance International Limited
SFLY#Shutterfly, Inc.
SFNC#Simmons First National Corporation
SFXE#SFX Entertainment, Inc.
SFY#Swift Energy Company
SGA#Saga Communications, Inc.
SGBK#Stonegate Bank
SGEN#Seattle Genetics, Inc.
SGI#Silicon Graphics International Corp
SGK#Schawk, Inc.
SGM#Stonegate Mortgage Corporation
SGMO#Sangamo BioSciences, Inc.
SGMS#Scientific Games Corp
SGNT#Sagent Pharmaceuticals, Inc.
SGY#Stone Energy Corporation
SGYP#Synergy Pharmaceuticals, Inc.
SHEN#Shenandoah Telecommunications Co
SHLD#Sears Holdings Corporation
SHLM#A. Schulman, Inc.
SHLO#Shiloh Industries, Inc.
SHO#Sunstone Hotel Investors, Inc.
SHOO#Steven Madden, Ltd.
SHOR#ShoreTel, Inc.
SHOS#Sears Hometown and Outlet Stores, Inc.
SHW#Sherwin-Williams Company
SIAL#Sigma-Aldrich Corporation
SIF#SIFCO Industries, Inc.
SIG#Signet Jewelers Limited
SIGA#SIGA Technologies Inc.
SIGI#Selective Insurance Group, Inc.
SIGM#Sigma Designs, Inc.
SIMG#Silicon Image, Inc.
SIR#Select Income REIT
SIRI#Sirius XM Holdings Inc.
SIRO#Sirona Dental Systems, Inc.
SIVB#SVB Financial Group
SIX#Six Flags Entertainment Corporation New
SJI#South Jersey Industries, Inc.
SJM#J.M. Smucker Company
SJW#SJW Corporation
SKH#Skilled Healthcare Group, Inc.
SKT#Tanger Factory Outlet Centers, Inc.
SKUL#Skullcandy, Inc.
SKX#Skechers U.S.A., Inc.
SKYW#SkyWest, Inc.
SLAB#Silicon Laboratories, Inc.
SLB#Schlumberger N.V.
SLCA#U.S. Silica Holdings, Inc.
SLG#SL Green Realty Corporation
SLGN#Silgan Holdings Inc.
SLH#Solera Holdings, Inc.
SLM#SLM Corporation
SLRC#Solar Capital Ltd.
SLXP#Salix Pharmaceuticals, Ltd.
SM#SM Energy Company
SMA#Symmetry Medical Inc
SMCI#Super Micro Computer, Inc.
SMG#Scotts Miracle-Gro Company
SMP#Standard Motor Products, Inc.
SMRT#Stein Mart, Inc.
SMTC#Semtech Corporation
SN#Sanchez Energy Corporation
SNA#Snap-On Incorporated
SNAK#Inventure Foods, Inc.
SNBC#Sun Bancorp, Inc.
SNCR#Synchronoss Technologies, Inc.
SNDK#SanDisk Corporation
SNH#Senior Housing Properties Trust
SNHY#Sun Hydraulics Corporation
SNI#Scripps Networks Interactive, Inc
SNMX#Senomyx, Inc.
SNOW#Intrawest Resorts Holdings, Inc.
SNPS#Synopsys, Inc.
SNSS#Sunesis Pharmaceuticals, Inc.
SNTA#Synta Pharmaceuticals Corp.
SNV#Synovus Financial Corp.
SNX#Synnex Corporation
SO#Southern Company
SON#Sonoco Products Company
SONC#Sonic Corp.
SONS#Sonus Networks, Inc.
SP#SP Plus Corporation
SPA#Sparton Corporation
SPAR#Spartan Motors, Inc.
SPB#Spectrum Brands Holdings, Inc.
SPDC#Speed Commerce, Inc.
SPF#Standard Pacific Corp
SPG#Simon Property Group, Inc.
SPLK#Splunk Inc.
SPLS#Staples, Inc.
SPN#Superior Energy Services, Inc.
SPNC#The Spectranetics Corporation
SPNS#Sapiens International Corporation N.V.
SPPI#Spectrum Pharmaceuticals, Inc.
SPR#Spirit Aerosystems Holdings, Inc.
SPRT#support.com, Inc.
SPSC#SPS Commerce, Inc.
SPTN#Spartan Stores, Inc.
SPW#SPX Corporation
SPWH#Sportsman's Warehouse Holdings, Inc.
SPWR#SunPower Corporation
SQBG#Sequential Brands Group, Inc.
SQBK#Square 1 Financial, Inc.
SQI#SciQuest, Inc.
SQNM#Sequenom, Inc.
SRCE#1st Source Corporation
SRCL#Stericycle, Inc.
SRDX#SurModics, Inc.
SRE#Sempra Energy
SREV#ServiceSource International, Inc.
SRI#Stoneridge, Inc.
SRPT#Sarepta Therapeutics, Inc.
SSD#Simpson Manufacturing Company, Inc.
SSI#Stage Stores, Inc.
SSNC#SS&C Technologies Holdings, Inc.
SSNI#Silver Spring Networks, Inc.
SSP#E.W. Scripps Company
SSS#Sovran Self Storage, Inc.
SSTK#Shutterstock, Inc.
SSYS#Stratasys, Ltd.
STAA#STAAR Surgical Company
STAG#Stag Industrial, Inc.
STAR#iStar Financial Inc.
STBA#S&T Bancorp, Inc.
STBZ#State Bank Financial Corporation.
STC#Stewart Information Services Corporation
STCK#Stock Building Supply Holdings, Inc.
STE#STERIS Corporation
STFC#State Auto Financial Corporation
STI#SunTrust Banks, Inc.
STJ#St. Jude Medical, Inc.
STL#Sterling Bancorp
STLD#Steel Dynamics, Inc.
STML#Stemline Therapeutics, Inc.
STMP#Stamps.com Inc.
STNG#Scorpio Tankers Inc.
STNR#Steiner Leisure Limited
STR#Questar Corporation
STRA#Strayer Education, Inc.
STRL#Sterling Construction Company Inc
STRT#Strattec Security Corporation
STRZA#Starz
STSA#Sterling Financial Corporation
STSI#Star Scientific, Inc.
STT#State Street Corporation
STWD#STARWOOD PROPERTY TRUST, INC.
STX#Seagate Technology.
STZ#Constellation Brands Inc
SUBK#Suffolk Bancorp
SUI#Sun Communities, Inc.
SUN#Sunoco LP
SUNE#SunEdison, Inc.
SUNS#Solar Senior Capital Ltd.
SUP#Superior Industries International, Inc.
SUPN#Supernus Pharmaceuticals, Inc.
SUPX#Supertex, Inc.
SUSQ#Susquehanna Bancshares, Inc.
SUSS#Susser Holdings Corporation
SVU#SuperValu Inc.
SVVC#Firsthand Technology Value Fund, Inc.
SWAY#Starwood Waypoint Residential Trust
SWC#Stillwater Mining Company
SWFT#Swift Transportation Company
SWHC#Smith & Wesson Holding Corporation
SWI#Solarwinds, Inc.
SWK#Stanley Black & Decker, Inc.
SWKS#Skyworks Solutions, Inc.
SWM#Schweitzer-Mauduit International, Inc.
SWN#Southwestern Energy Company
SWS#SWS Group, Inc.
SWSH#Swisher Hygiene, Inc.
SWX#Southwest Gas Corporation
SWY#Safeway Inc.
SXC#SunCoke Energy, Inc.
SXI#Standex International Corporation
SXT#Sensient Technologies Corporation
SYA#Symetra Financial Corporation
SYBT#Stock Yards Bancorp, Inc.
SYF#Untitled Dataset 2015-11-17 22:51:05
SYK#Stryker Corporation
SYKE#Sykes Enterprises, Incorporated
SYMC#Symantec Corporation
SYNA#Synaptics Incorporated
SYNT#Syntel, Inc.
SYRG#Synergy Resources Corporation
SYUT#Synutra International, Inc.
SYX#Systemax Inc.
SYY#Sysco Corporation
SZMK#Sizmek Inc.
SZYM#Solazyme, Inc.
T#AT&T Inc.
TAHO#Tahoe Resources, Inc.
TAL#TAL International Group, Inc.
TAM#Taminco Corporation
TAP#Molson Coors BrewingCompany
TASR#TASER International, Inc.
TAST#Carrols Restaurant Group, Inc.
TAT#Transatlantic Petroleum Ltd
TAX#JTH Holding Inc. D/B/A Liberty Tax Service
TAXI#Medallion Financial Corp.
TAYC#Taylor Capital Group, Inc.
TBBK#The Bancorp, Inc.
TBI#TrueBlue, Inc.
TBNK#Territorial Bancorp Inc.
TBPH#Theravance Biopharma, Inc.
TCAP#Triangle Capital Corporation
TCB#TCF Financial Corporation
TCBI#Texas Capital Bancshares, Inc.
TCBK#TriCo Bancshares
TCO#Taubman Centers, Inc.
TCPC#TCP Capital Corp.
TCRD#THL Credit, Inc.
TCS#Container Store
TDC#Teradata Corporation
TDG#Transdigm Group Incorporated
TDS#Telephone and Data Systems, Inc.
TDW#Tidewater Inc.
TDY#Teledyne Technologies Incorporated
TE#TECO Energy, Inc.
TEAR#TearLab Corporation
TECD#Tech Data Corporation
TECH#Techne Corporation
TECUA#Tecumseh Products Company
TEG#Integrys Energy Group
TEL#TE Connectivity Ltd.
TEN#Tenneco Inc.
TER#Teradyne, Inc.
TESO#Tesco Corporation
TESS#TESSCO Technologies Incorporated
TEX#Terex Corporation
TFM#The Fresh Market, Inc.
TFSL#TFS Financial Corporation
TFX#Teleflex Incorporated
TG#Tredegar Corporation
TGE#TGC Industries, Inc.
TGH#Textainer Group Holdings Limited
TGI#Triumph Group, Inc.
TGNA#TEGNA Inc.
TGT#Target Corporation
TGTX#TG Therapeutics, Inc.
THC#Tenet Healthcare Corporation
THFF#First Financial Corporation Indiana
THG#The Hanover Insurance Group, Inc.
THLD#Threshold Pharmaceuticals, Inc.
THO#Thor Industries, Inc.
THOR#Thoratec Corporation
THR#Thermon Group Holdings, Inc.
THRM#Gentherm Inc
THRX#Theravance, Inc.
THS#Treehouse Foods, Inc.
TIBX#TIBCO Software, Inc.
TICC#TICC Capital Corp.
TIF#Tiffany & Co.
TILE#Interface, Inc.
TIME#Time Inc.
TIPT#Tiptree Financial Inc.
TIS#Orchids Paper Products Company
TISI#Team, Inc.
TITN#Titan Machinery Inc.
TIVO#TiVo Inc.
TJX#TJX Companies, Inc.
TK#Teekay Corporation
TKR#Timken Company
TLMR#Talmer Bancorp, Inc.
TLYS#Tilly's, Inc.
TMH#Team Health Holdings, Inc.
TMHC#Taylor Morrison Home Corporation
TMK#Torchmark Corporation
TMO#Thermo Fisher Scientific Inc
TMP#Tompkins Financial Corporation
TMUS#T-Mobile US, Inc.
TNAV#TeleNav, Inc.
TNC#Tennant Company
TNDM#Tandem Diabetes Care, Inc.
TNET#TriNet Group, Inc.
TNGO#Tangoe, Inc.
TNK#Teekay Tankers Ltd.
TOL#Toll Brothers Inc.
TOWN#Towne Bank
TOWR#Tower International, Inc.
TPC#Tutor Perini Corporation
TPH#Tri Pointe Homes, Inc.
TPLM#Triangle Petroleum Corporation
TPRE#Third Point Reinsurance Ltd.
TPX#Tempur Sealy International, Inc.
TQNT#TriQuint Semiconductor, Inc.
TR#Tootsie Roll Industries, Inc.
TRAK#Dealertrack Technologies, Inc.
TRC#Tejon Ranch Co
TREC#Trecora Resources
TREE#Tree.com, Inc.
TREX#Trex Company, Inc.
TRGP#Targa Resources, Inc.
TRGT#Targacept, Inc.
TRI#Thomson Reuters Corp
TRIP#TripAdvisor, Inc.
TRIV#TriVascular Technologies, Inc.
TRK#Speedway Motorsports, Inc.
TRLA#Trulia, Inc.
TRMB#Trimble Navigation Limited
TRMK#Trustmark Corporation
TRMR#Tremor Video, Inc.
TRN#Trinity Industries, Inc.
TRNO#Terreno Realty Corporation
TRNX#Tornier N.V.
TROW#T. Rowe Price Group, Inc.
TROX#Tronox Limited
TRR#TRC Companies, Inc.
TRS#TriMas Corporation
TRST#TrustCo Bank Corp NY
TRUE#TrueCar, Inc.
TRV#The Travelers Companies, Inc.
TRW#TRW Automotive Holdings Corporation
TRXC#TransEnterix, Inc.
TSC#TriState Capital Holdings, Inc.
TSCO#Tractor Supply Company
TSLA#Tesla Motors, Inc.
TSN#Tyson Foods, Inc.
TSO#Tesoro Corporation
TSRA#Tessera Technologies, Inc.
TSRE#Trade Street Residential, Inc.
TSRO#TESARO, Inc.
TSS#Total System Services, Inc.
TSYS#TeleCommunication Systems, Inc.
TTC#Toro Company
TTEC#TeleTech Holdings, Inc.
TTEK#Tetra Tech, Inc.
TTGT#TechTarget, Inc.
TTI#Tetra Technologies, Inc.
TTMI#TTM Technologies, Inc.
TTPH#Tetraphase Pharmaceuticals, Inc.
TTS#Tile Shop Hldgs, Inc.
TTWO#Take-Two Interactive Software, Inc.
TUES#Tuesday Morning Corp.
TUMI#Tumi Holdings, Inc.
TUP#Tupperware Brands Corporation
TW#Towers Watson & Co
TWC#Time Warner Cable Inc
TWER#Towerstream Corporation
TWGP#Tower Group International, Ltd.
TWI#Titan International, Inc.
TWIN#Twin Disc, Incorporated
TWMC#Trans World Entertainment Corp.
TWO#Two Harbors Investments Corp
TWOU#2U, Inc.
TWTC#tw telecom inc.
TWTR#Twitter, Inc.
TWX#Time Warner Inc.
TXI#Texas Industries, Inc.
TXMD#TherapeuticsMD, Inc.
TXN#Texas Instruments Incorporated
TXRH#Texas Roadhouse, Inc.
TXT#Textron Inc.
TXTR#Textura Corporation
TYC#Tyco International, Ltd.
TYL#Tyler Technologies, Inc.
TYPE#Monotype Imaging Holdings Inc.
TZOO#Travelzoo Inc.
UA#Under Armour, Inc.
UACL#Universal Truckload Services, Inc.
UAL#United Continental Holdings, Inc.
UAM#Universal American Corp.
UBA#Urstadt Biddle Properties Inc.
UBNK#United Financial Bancorp, Inc.
UBNT#Ubiquiti Networks, Inc.
UBSH#Union Bankshares Corporation
UBSI#United Bankshares, Inc.
UCBI#United Community Banks, Inc.
UCFC#United Community Financial Corp.
UCP#UCP, Inc.
UCTT#Ultra Clean Holdings, Inc.
UDR#United Dominion Realty Trust, Inc.
UEC#Uranium Energy Corp.
UEIC#Universal Electronics Inc.
UFCS#United Fire Group, Inc
UFI#Unifi, Inc.
UFPI#Universal Forest Products, Inc.
UFPT#UFP Technologies, Inc.
UFS#Domtar Corporation
UGI#UGI Corporation
UHAL#Amerco
UHS#Universal Health Services, Inc.
UHT#Universal Health Realty Income Trust
UIHC#United Insurance Holdings Corp.
UIL#UIL Holdings Corporation
UIS#Unisys Corporation
ULTA#Ulta Salon, Cosmetics & Fragrance, Inc.
ULTI#The Ultimate Software Group, Inc.
ULTR#Ultrapetrol
UMBF#UMB Financial Corporation
UMH#UMH Properties, Inc.
UMPQ#Umpqua Holdings Corporation
UNF#Unifirst Corporation
UNFI#United Natural Foods, Inc.
UNH#UnitedHealth Group Incorporated
UNIS#Unilife Corporation
UNM#Unum Group
UNP#Union Pacific Corporation
UNS#UNS Energy Corporation
UNT#Unit Corporation
UNTD#United Online, Inc.
UNXL#Uni-Pixel, Inc.
UPIP#Unwired Planet, Inc.
UPL#Ultra Petroleum Corp.
UPS#United Parcel Service, Inc.
URBN#Urban Outfitters, Inc.
URG#Ur Energy Inc
URI#United Rentals, Inc.
URS#URS Corporation
USAK#USA Truck, Inc.
USAP#Universal Stainless & Alloy Products, Inc.
USB#U.S. Bancorp
USCR#U S Concrete, Inc.
USG#USG Corporation
USLM#United States Lime & Minerals, Inc.
USM#United States Cellular Corporation
USMD#USMD Holdings, Inc.
USMO#USA Mobility, Inc.
USNA#USANA Health Sciences, Inc.
USPH#U.S. Physical Therapy, Inc.
USTR#United Stationers Inc.
UTEK#Ultratech, Inc.
UTHR#United Therapeutics Corporation
UTI#Universal Technical Institute Inc
UTIW#UTi Worldwide Inc.
UTL#UNITIL Corporation
UTMD#Utah Medical Products, Inc.
UTX#United Technologies Corporation
UVE#UNIVERSAL INSURANCE HOLDINGS INC
UVSP#Univest Corporation of Pennsylvania
UVV#Universal Corporation
V#Visa Inc.
VAC#Marriot Vacations Worldwide Corporation
VAL#Valspar Corporation
VAR#Varian Medical Systems, Inc.
VASC#Vascular Solutions, Inc.
VC#Visteon Corporation
VCRA#Vocera Communications, Inc.
VCYT#Veracyte, Inc.
VDSI#VASCO Data Security International, Inc.
VECO#Veeco Instruments Inc.
VFC#V.F. Corporation
VG#Vonage Holdings Corp.
VGR#Vector Group Ltd.
VHC#VirnetX Holding Corp
VIAB#Viacom Inc.
VIAS#Viasystems Group, Inc.
VICL#Vical Incorporated
VICR#Vicor Corporation
VITC#Vitacost.com, Inc.
VIVO#Meridian Bioscience Inc.
VLCCF#Knightsbridge Tankers Limited
VLGEA#Village Super Market, Inc.
VLO#Valero Energy Corporation
VLY#Valley National Bancorp
VMC#Vulcan Materials Company
VMEM#Violin Memory, Inc.
VMI#Valmont Industries, Inc.
VMW#Vmware, Inc.
VNCE#Vince Holding Corp.
VNDA#Vanda Pharmaceuticals Inc.
VNO#Vornado Realty Trust
VNTV#Vantiv, Inc.
VOCS#Vocus, Inc.
VOD#Vodafone Group Plc
VOLC#Volcano Corporation
VOXX#VOXX International Corporation
VOYA#Voya Financial, Inc.
VPFG#ViewPoint Financial Group, Inc.
VPG#Vishay Precision Group, Inc.
VPRT#Vistaprint N.V.
VR#Validus Holdings, Ltd.
VRA#Vera Bradley, Inc.
VRNG#Vringo, Inc.
VRNS#Varonis Systems, Inc.
VRNT#Verint Systems Inc.
VRSK#Verisk Analytics, Inc.
VRSN#VeriSign, Inc.
VRTS#Virtus Investment Partners, Inc.
VRTU#Virtusa Corporation
VRTX#Vertex Pharmaceuticals Incorporated
VSAR#Versartis, Inc.
VSAT#ViaSat, Inc.
VSEC#VSE Corporation
VSH#Vishay Intertechnology, Inc.
VSI#Vitamin Shoppe, Inc
VSTM#Verastem, Inc.
VTG#Vantage Drilling Company
VTL#Vital Therapies, Inc.
VTNR#Vertex Energy, Inc
VTR#Ventas, Inc.
VTSS#Vitesse Semiconductor Corporation
VVC#Vectren Corporation
VVI#Viad Corp
VVTV#ValueVision Media, Inc.
VVUS#VIVUS, Inc.
VZ#Verizon Communications Inc.
WAB#Westinghouse Air Brake Technologies Corporation
WABC#Westamerica Bancorporation
WAC#Walter Investment Management Corp.
WAFD#Washington Federal, Inc.
WAG#Walgreen Co.
WAGE#WageWorks, Inc.
WAIR#Wesco Aircraft Holdings, Inc.
WAL#Western Alliance Bancorporation
WASH#Washington Trust Bancorp, Inc.
WAT#Waters Corporation
WBA#Walgreens Boots Alliance, Inc.
WBC#Wabco Holdings Inc.
WBCO#Washington Banking Company
WBMD#WebMD Health Corp
WBS#Webster Financial Corporation
WCC#WESCO International, Inc.
WCG#WellCare Health Plans, Inc.
WCIC#WCI Communities, Inc.
WCN#Waste Connections, Inc.
WD#Walker & Dunlop, Inc.
WDAY#Workday, Inc.
WDC#Western Digital Corporation
WDFC#WD-40 Company
WDR#Waddell & Reed Financial, Inc.
WEC#Wisconsin Energy Corporation
WEN#Wendy's Company
WERN#Werner Enterprises, Inc.
WETF#WisdomTree Investments, Inc.
WEX#WEX Inc.
WEYS#Weyco Group, Inc.
WFC#Wells Fargo & Company
WFD#Westfield Financial, Inc.
WFM#Whole Foods Market, Inc.
WG#Willbros Group, Inc.
WGL#WGL Holdings Inc
WGO#Winnebago Industries, Inc.
WHF#WhiteHorse Finance, Inc.
WHG#Westwood Holdings Group Inc
WHR#Whirlpool Corporation
WIBC#Wilshire Bancorp, Inc.
WIFI#Boingo Wireless, Inc.
WIN#Windstream Holdings, Inc.
WINA#Winmark Corporation
WIRE#Encore Wire Corporation
WIX#Wix.com Ltd.
WLB#Westmoreland Coal Company
WLH#Lyon William Homes
WLK#Westlake Chemical Corporation
WLL#Whiting Petroleum Corporation
WLP#WellPoint Inc.
WLT#Walter Energy, Inc.
WM#Waste Management, Inc.
WMAR#West Marine, Inc.
WMB#Williams Companies, Inc.
WMC#Western Asset Mortgage Capital Corporation
WMGI#Wright Medical Group, Inc.
WMK#Weis Markets, Inc.
WMT#Wal-Mart Stores, Inc.
WNC#Wabash National Corporation
WNR#Western Refining, Inc.
WOOF#VCA Antech, Inc.
WOR#Worthington Industries, Inc.
WPP#Wausau Paper Corp.
WPX#WPX Energy, Inc.
WR#Westar Energy, Inc.
WRB#W.R. Berkley Corporation
WRE#Washington Real Estate Investment Trust
WRES#Warren Resources, Inc.
WRI#Weingarten Realty Investors
WRK#Westrock Company
WRLD#World Acceptance Corporation
WSBC#WesBanco, Inc.
WSBF#Waterstone Financial, Inc.
WSFS#WSFS Financial Corporation
WSM#Williams-Sonoma, Inc.
WSO#Watsco, Inc.
WSR#Whitestone REIT
WST#West Pharmaceutical Services, Inc.
WSTC#West Corporation
WSTL#Westell Technologies, Inc.
WTBA#West Bancorporation
WTFC#Wintrust Financial Corporation
WTI#W&T Offshore, Inc.
WTM#White Mountains Insurance Group, Ltd.
WTR#Aqua America, Inc.
WTS#Watts Water Technologies, Inc.
WTSL#The Wet Seal, Inc.
WTW#Weight Watchers International Inc
WU#Western Union Company
WWAV#Whitewave Foods Company
WWD#Woodward, Inc.
WWE#World Wrestling Entertainment, Inc.
WWW#Wolverine World Wide, Inc.
WWWW#Web.com Group, Inc.
WY#Weyerhaeuser Company
WYN#Wyndham Worldwide Corp
WYNN#Wynn Resorts, Limited
X#United States Steel Corporation
XCO#EXCO Resources NL
XCRA#Xcerra Corporation
XEC#Cimarex Energy Co
XEL#Xcel Energy Inc.
XL#XL Group plc
XLNX#Xilinx, Inc.
XLRN#Acceleron Pharma Inc.
XLS#Exelis Inc.
XNCR#Xencor, Inc.
XNPT#XenoPort, Inc.
XOM#Exxon Mobil Corporation
XOMA#XOMA Corporation
XON#Intrexon Corporation
XONE#The ExOne Company
XOOM#Xoom Corporation
XOXO#XO Group, Inc.
XPO#XPO Logistics, Inc.
XRAY#DENTSPLY International Inc.
XRM#Xerium Technologies, Inc.
XRX#Xerox Corporation
XXIA#Ixia
XXII#22nd Century Group, Inc
XYL#Xylem Inc.
Y#Alleghany Corporation
YDKN#Yadkin Financial Corporation
YELP#Yelp Inc.
YHOO#Yahoo! Inc.
YORW#The York Water Company
YRCW#YRC Worldwide, Inc.
YUM#Yum! Brands, Inc.
YUME#YuMe, Inc.
Z#Zillow, Inc.
ZAGG#ZAGG Inc
ZAZA#ZaZa Energy Corporation
ZBH#Zimmer Biomet Holdings, Inc.
ZBRA#Zebra Technologies Corporation
ZEN#Zendesk, Inc.
ZEP#Zep Inc.
ZEUS#Olympic Steel, Inc.
ZGNX#Zogenix, Inc.
ZIGO#Zygo Corporation
ZINC#Horsehead Holding Corp.
ZION#Zions Bancorporation
ZIOP#ZIOPHARM Oncology Inc
ZIXI#Zix Corporation
ZLC#Zale Corporation
ZLTQ#ZELTIQ Aesthetics, Inc.
ZMH#Zimmer Holdings, Inc.
ZNGA#Zynga Inc.
ZOES#Zoe's Kitchen, Inc.
ZQK#Quiksilver, Inc.
ZTS#Zoetis Inc.
ZUMZ#Zumiez Inc.